email,username,image_url,password,bio,header_image_url,location
tylermartinez@mcdaniel.com,james11,https://randomuser.me/api/portraits/men/11.jpg,$2b$12$Q1PUFjhN/AWRQ21LbGYvjeLpZZB6lfZ1BPwifHALGO6oIbyC3CmJe,Quisquam perspiciatis nemo minus laudantium.,https://via.placeholder.com/150,Thomasland
david42@hotmail.com,dwatts,https://randomuser.me/api/portraits/men/47.jpg,$2b$12$Q1PUFjhN/AWRQ21LbGYvjeLpZZB6lfZ1BPwifHALGO6oIbyC3CmJe,Consequatur cum aspernatur corporis iure.,https://via.placeholder.com/150,Williamshire
thompsonmichael@sellers.net,kiaraowen,https://randomuser.me/api/portraits/lego/1.jpg,$2b$12$Q1PUFjhN/AWRQ21LbGYvjeLpZZB6lfZ1BPwifHALGO6oIbyC3CmJe,Temporibus exercitationem occaecati omnis voluptatem facilis harum.,https://via.placeholder.com/150,Martinshire
sestrada@hotmail.com,ramirezmichael,https://randomuser.me/api/portraits/men/38.jpg,$2b$12$Q1PUFjhN/AWRQ21LbGYvjeLpZZB6lfZ1BPwifHALGO6oIbyC3CmJe,Fuga inventore atque magnam illum laborum voluptas.,https://via.placeholder.com/150,North Pamelamouth
orussell@gmail.com,beckervictoria,https://randomuser.me/api/portraits/women/71.jpg,$2b$12$Q1PUFjhN/AWRQ21LbGYvjeLpZZB6lfZ1BPwifHALGO6oIbyC3CmJe,Culpa saepe voluptas odio error ipsa facilis quae.,https://via.placeholder.com/150,Harperstad
anthonylove@yahoo.com,andrewhoffman,https://randomuser.me/api/portraits/lego/1.jpg,$2b$12$Q1PUFjhN/AWRQ21LbGYvjeLpZZB6lfZ1BPwifHALGO6oIbyC3CmJe,Minima quis labore placeat explicabo.,https://via.placeholder.com/150,South Susanfurt
riosaaron@byrd-knight.info,barneskristi,https://randomuser.me/api/portraits/women/98.jpg,$2b$12$Q1PUFjhN/AWRQ21LbGYvjeLpZZB6lfZ1BPwifHALGO6oIbyC3CmJe,Tenetur repellendus saepe pariatur qui.,https://via.placeholder.com/150,East Rebeccafort
amedina@shields.com,smithdavid,https://randomuser.me/api/portraits/men/32.jpg,$2b$12$Q1PUFjhN/AWRQ21LbGYvjeLpZZB6lfZ1BPwifHALGO6oIbyC3CmJe,Et quaerat ex vitae perferendis dignissimos voluptates nobis animi.,https://via.placeholder.com/150,Donaldberg
bperry@hotmail.com,rthomas,https://randomuser.me/api/portraits/men/5.jpg,$2b$12$Q1PUFjhN/AWRQ21LbGYvjeLpZZB6lfZ1BPwifHALGO6oIbyC3CmJe,Ea iste porro reiciendis ducimus ratione molestiae.,https://via.placeholder.com/150,Hollyberg
ghill@martin.net,melissa78,https://randomuser.me/api/portraits/women/99.jpg,$2b$12$Q1PUFjhN/AWRQ21LbGYvjeLpZZB6lfZ1BPwifHALGO6oIbyC3CmJe,Quibusdam ipsum est fuga maxime exercitationem cumque fugit illum.,https://via.placeholder.com/150,Lake Debraberg
twhite@hotmail.com,angelaanderson,https://randomuser.me/api/portraits/women/58.jpg,$2b$12$Q1PUFjhN/AWRQ21LbGYvjeLpZZB6lfZ1BPwifHALGO6oIbyC3CmJe,Neque doloremque ratione atque quod suscipit deserunt iusto.,https://via.placeholder.com/150,New Sharonchester
brucealexandra@yahoo.com,andrew56,https://randomuser.me/api/portraits/men/81.jpg,$2b$12$Q1PUFjhN/AWRQ21LbGYvjeLpZZB6lfZ1BPwifHALGO6oIbyC3CmJe,Deleniti nisi quae aspernatur molestiae delectus.,https://via.placeholder.com/150,New Jeffery
qstrickland@scott-scott.org,jill27,https://randomuser.me/api/portraits/men/44.jpg,$2b$12$Q1PUFjhN/AWRQ21LbGYvjeLpZZB6lfZ1BPwifHALGO6oIbyC3CmJe,Quod provident odio minus nam rem earum mollitia debitis.,https://via.placeholder.com/150,Murphyborough
livingstonbrent@shelton.com,smithjennifer,https://randomuser.me/api/portraits/women/17.jpg,$2b$12$Q1PUFjhN/AWRQ21LbGYvjeLpZZB6lfZ1BPwifHALGO6oIbyC3CmJe,Cumque labore tempora et unde.,https://via.placeholder.com/150,West Stephanie
chad21@long-navarro.com,adamscynthia,https://randomuser.me/api/portraits/men/46.jpg,$2b$12$Q1PUFjhN/AWRQ21LbGYvjeLpZZB6lfZ1BPwifHALGO6oIbyC3CmJe,A mollitia vero voluptatum doloremque perspiciatis beatae.,https://via.placeholder.com/150,Port Matthew
dennissmith@perez.com,burnssandra,https://randomuser.me/api/portraits/men/76.jpg,$2b$12$Q1PUFjhN/AWRQ21LbGYvjeLpZZB6lfZ1BPwifHALGO6oIbyC3CmJe,Praesentium eveniet repellendus alias autem.,https://via.placeholder.com/150,Maryborough
laurahernandez@gmail.com,maria18,https://randomuser.me/api/portraits/men/21.jpg,$2b$12$Q1PUFjhN/AWRQ21LbGYvjeLpZZB6lfZ1BPwifHALGO6oIbyC3CmJe,Blanditiis rem libero voluptatibus molestias nulla dolorum vero.,https://via.placeholder.com/150,East Biancaburgh
ybarron@singleton.info,maria15,https://randomuser.me/api/portraits/women/9.jpg,$2b$12$Q1PUFjhN/AWRQ21LbGYvjeLpZZB6lfZ1BPwifHALGO6oIbyC3CmJe,Cupiditate inventore tenetur sunt consequuntur nostrum facilis facilis quae.,https://via.placeholder.com/150,Craneton
francothomas@donovan.info,hernandezricky,https://randomuser.me/api/portraits/men/42.jpg,$2b$12$Q1PUFjhN/AWRQ21LbGYvjeLpZZB6lfZ1BPwifHALGO6oIbyC3CmJe,Fugit quibusdam in pariatur tempore vel libero sapiente.,https://via.placeholder.com/150,Pedrofurt
johnny40@briggs.com,ospencer,https://randomuser.me/api/portraits/women/69.jpg,$2b$12$Q1PUFjhN/AWRQ21LbGYvjeLpZZB6lfZ1BPwifHALGO6oIbyC3CmJe,Accusantium sint tempore soluta reprehenderit.,https://via.placeholder.com/150,Lake Hailey
torrestaylor@smith-farmer.net,crystalbrown,https://randomuser.me/api/portraits/women/4.jpg,$2b$12$Q1PUFjhN/AWRQ21LbGYvjeLpZZB6lfZ1BPwifHALGO6oIbyC3CmJe,Quasi harum id dolorem ducimus minima soluta sed.,https://via.placeholder.com/150,Andrewsbury
kristenclark@miranda.com,samantha80,https://randomuser.me/api/portraits/men/87.jpg,$2b$12$Q1PUFjhN/AWRQ21LbGYvjeLpZZB6lfZ1BPwifHALGO6oIbyC3CmJe,Quos cum delectus nemo porro.,https://via.placeholder.com/150,Nathanchester
cameron41@mathis-ellis.com,david22,https://randomuser.me/api/portraits/men/73.jpg,$2b$12$Q1PUFjhN/AWRQ21LbGYvjeLpZZB6lfZ1BPwifHALGO6oIbyC3CmJe,Aliquam blanditiis cumque asperiores reprehenderit.,https://via.placeholder.com/150,Higginsberg
danielle54@potts.com,zlozano,https://randomuser.me/api/portraits/men/19.jpg,$2b$12$Q1PUFjhN/AWRQ21LbGYvjeLpZZB6lfZ1BPwifHALGO6oIbyC3CmJe,Non praesentium quis a labore beatae.,https://via.placeholder.com/150,Mendezville
michaelblack@gray.com,alyssawalters,https://randomuser.me/api/portraits/women/85.jpg,$2b$12$Q1PUFjhN/AWRQ21LbGYvjeLpZZB6lfZ1BPwifHALGO6oIbyC3CmJe,Fugit blanditiis minus cumque eligendi cumque.,https://via.placeholder.com/150,Garzahaven
vrogers@clayton-thornton.com,donna94,https://randomuser.me/api/portraits/women/6.jpg,$2b$12$Q1PUFjhN/AWRQ21LbGYvjeLpZZB6lfZ1BPwifHALGO6oIbyC3CmJe,Culpa aperiam iusto esse doloremque.,https://via.placeholder.com/150,North Crystalport
wgeorge@ross-patterson.com,david02,https://randomuser.me/api/portraits/women/24.jpg,$2b$12$Q1PUFjhN/AWRQ21LbGYvjeLpZZB6lfZ1BPwifHALGO6oIbyC3CmJe,Sapiente veritatis ab laboriosam similique.,https://via.placeholder.com/150,Timothyton
figueroabryan@yahoo.com,vincent99,https://randomuser.me/api/portraits/women/92.jpg,$2b$12$Q1PUFjhN/AWRQ21LbGYvjeLpZZB6lfZ1BPwifHALGO6oIbyC3CmJe,Quaerat minima voluptatibus perspiciatis magnam architecto molestiae.,https://via.placeholder.com/150,Farrellmouth
kyle51@hotmail.com,mary24,https://randomuser.me/api/portraits/men/39.jpg,$2b$12$Q1PUFjhN/AWRQ21LbGYvjeLpZZB6lfZ1BPwifHALGO6oIbyC3CmJe,Minus adipisci magnam dolor maxime enim.,https://via.placeholder.com/150,Kelseystad
ehernandez@gmail.com,chughes,https://randomuser.me/api/portraits/men/72.jpg,$2b$12$Q1PUFjhN/AWRQ21LbGYvjeLpZZB6lfZ1BPwifHALGO6oIbyC3CmJe,Dolores architecto iusto magnam laudantium veritatis.,https://via.placeholder.com/150,Levyshire
hatfieldmichael@gmail.com,matthew54,https://randomuser.me/api/portraits/men/75.jpg,$2b$12$Q1PUFjhN/AWRQ21LbGYvjeLpZZB6lfZ1BPwifHALGO6oIbyC3CmJe,Vitae omnis minima blanditiis inventore unde.,https://via.placeholder.com/150,Lake Linda
nnoble@taylor-smith.com,tcollins,https://randomuser.me/api/portraits/men/6.jpg,$2b$12$Q1PUFjhN/AWRQ21LbGYvjeLpZZB6lfZ1BPwifHALGO6oIbyC3CmJe,Saepe voluptatum non fuga non dignissimos asperiores.,https://via.placeholder.com/150,North Codyview
heather84@dixon.info,mooregary,https://randomuser.me/api/portraits/men/99.jpg,$2b$12$Q1PUFjhN/AWRQ21LbGYvjeLpZZB6lfZ1BPwifHALGO6oIbyC3CmJe,Vel perspiciatis explicabo aperiam dolorum nostrum.,https://via.placeholder.com/150,North Joseville
hjenkins@yahoo.com,briggsjay,https://randomuser.me/api/portraits/men/37.jpg,$2b$12$Q1PUFjhN/AWRQ21LbGYvjeLpZZB6lfZ1BPwifHALGO6oIbyC3CmJe,Dolorum labore velit molestiae qui provident nihil.,https://via.placeholder.com/150,Lake Davidshire
justinharris@woods-chambers.com,sandra79,https://randomuser.me/api/portraits/men/92.jpg,$2b$12$Q1PUFjhN/AWRQ21LbGYvjeLpZZB6lfZ1BPwifHALGO6oIbyC3CmJe,Perferendis molestiae vero voluptatum alias voluptatum architecto.,https://via.placeholder.com/150,South Kimberly
martinezgerald@cox-jackson.com,potterjane,https://randomuser.me/api/portraits/women/86.jpg,$2b$12$Q1PUFjhN/AWRQ21LbGYvjeLpZZB6lfZ1BPwifHALGO6oIbyC3CmJe,Quis deserunt accusantium aut voluptatum in voluptatem nostrum.,https://via.placeholder.com/150,Gallagherburgh
kellibailey@aguirre.net,mcole,https://randomuser.me/api/portraits/men/6.jpg,$2b$12$Q1PUFjhN/AWRQ21LbGYvjeLpZZB6lfZ1BPwifHALGO6oIbyC3CmJe,Sapiente illo doloribus cupiditate rerum hic asperiores omnis.,https://via.placeholder.com/150,North Richardville
edwardsearl@griffith-singleton.com,thomasdavid,https://randomuser.me/api/portraits/women/3.jpg,$2b$12$Q1PUFjhN/AWRQ21LbGYvjeLpZZB6lfZ1BPwifHALGO6oIbyC3CmJe,Voluptate nostrum ipsa corrupti.,https://via.placeholder.com/150,New Sydney
jabbott@gmail.com,davidthomas,https://randomuser.me/api/portraits/women/75.jpg,$2b$12$Q1PUFjhN/AWRQ21LbGYvjeLpZZB6lfZ1BPwifHALGO6oIbyC3CmJe,Aliquid dicta quam similique suscipit officia expedita magni.,https://via.placeholder.com/150,Gregorymouth
cmiller@tate-davis.net,joshua70,https://randomuser.me/api/portraits/women/60.jpg,$2b$12$Q1PUFjhN/AWRQ21LbGYvjeLpZZB6lfZ1BPwifHALGO6oIbyC3CmJe,Quasi incidunt hic labore ducimus officiis et nihil reiciendis.,https://via.placeholder.com/150,North Raymondbury
jeremy62@gmail.com,deanna51,https://randomuser.me/api/portraits/women/42.jpg,$2b$12$Q1PUFjhN/AWRQ21LbGYvjeLpZZB6lfZ1BPwifHALGO6oIbyC3CmJe,Quos reprehenderit placeat est veritatis suscipit recusandae.,https://via.placeholder.com/150,Danielton
arthur55@gmail.com,phelpsjohn,https://randomuser.me/api/portraits/women/85.jpg,$2b$12$Q1PUFjhN/AWRQ21LbGYvjeLpZZB6lfZ1BPwifHALGO6oIbyC3CmJe,Tenetur nisi labore facilis voluptatum.,https://via.placeholder.com/150,New Aimee
bradsherman@walker-ochoa.com,edward27,https://randomuser.me/api/portraits/women/4.jpg,$2b$12$Q1PUFjhN/AWRQ21LbGYvjeLpZZB6lfZ1BPwifHALGO6oIbyC3CmJe,Praesentium delectus eveniet voluptatibus ea.,https://via.placeholder.com/150,Lake Tylerbury
laurenmarquez@gmail.com,monicahoffman,https://randomuser.me/api/portraits/men/50.jpg,$2b$12$Q1PUFjhN/AWRQ21LbGYvjeLpZZB6lfZ1BPwifHALGO6oIbyC3CmJe,Tempore aspernatur fuga voluptates neque exercitationem reiciendis.,https://via.placeholder.com/150,North Juanchester
jonesjoseph@stone-gaines.net,xcochran,https://randomuser.me/api/portraits/women/62.jpg,$2b$12$Q1PUFjhN/AWRQ21LbGYvjeLpZZB6lfZ1BPwifHALGO6oIbyC3CmJe,Ratione quas optio laboriosam culpa.,https://via.placeholder.com/150,Port Peter
vparks@gmail.com,davidsmith,https://randomuser.me/api/portraits/men/39.jpg,$2b$12$Q1PUFjhN/AWRQ21LbGYvjeLpZZB6lfZ1BPwifHALGO6oIbyC3CmJe,Repudiandae dolorem vitae totam perferendis saepe.,https://via.placeholder.com/150,Schmittburgh
wanderson@yahoo.com,lopezmichele,https://randomuser.me/api/portraits/women/82.jpg,$2b$12$Q1PUFjhN/AWRQ21LbGYvjeLpZZB6lfZ1BPwifHALGO6oIbyC3CmJe,Harum blanditiis et doloremque eligendi.,https://via.placeholder.com/150,Ginahaven
ntaylor@yahoo.com,swallace,https://randomuser.me/api/portraits/men/96.jpg,$2b$12$Q1PUFjhN/AWRQ21LbGYvjeLpZZB6lfZ1BPwifHALGO6oIbyC3CmJe,Numquam alias animi vero non.,https://via.placeholder.com/150,Andrewborough
kelliholland@harris.biz,dicksonpatricia,https://randomuser.me/api/portraits/men/26.jpg,$2b$12$Q1PUFjhN/AWRQ21LbGYvjeLpZZB6lfZ1BPwifHALGO6oIbyC3CmJe,Cupiditate aperiam dignissimos velit in culpa atque occaecati possimus.,https://via.placeholder.com/150,Andrefort
ucox@hotmail.com,riosblake,https://randomuser.me/api/portraits/men/90.jpg,$2b$12$Q1PUFjhN/AWRQ21LbGYvjeLpZZB6lfZ1BPwifHALGO6oIbyC3CmJe,Magni minima culpa perferendis vel magni.,https://via.placeholder.com/150,Lake Brentside
gbautista@day.com,rhodesdiamond,https://randomuser.me/api/portraits/women/93.jpg,$2b$12$Q1PUFjhN/AWRQ21LbGYvjeLpZZB6lfZ1BPwifHALGO6oIbyC3CmJe,Veritatis quidem eligendi exercitationem architecto ipsum officiis.,https://via.placeholder.com/150,Port Victor
rmiller@david-patel.com,heatherbell,https://randomuser.me/api/portraits/women/55.jpg,$2b$12$Q1PUFjhN/AWRQ21LbGYvjeLpZZB6lfZ1BPwifHALGO6oIbyC3CmJe,Ea ducimus rerum quos veniam debitis autem nostrum.,https://via.placeholder.com/150,North Katherine
ashleytrujillo@stewart-sanders.com,qmorris,https://randomuser.me/api/portraits/men/55.jpg,$2b$12$Q1PUFjhN/AWRQ21LbGYvjeLpZZB6lfZ1BPwifHALGO6oIbyC3CmJe,Earum rem deleniti iure amet quidem aliquam sint.,https://via.placeholder.com/150,Lake Corey
perrycharles@haley-ray.com,jessicajoseph,https://randomuser.me/api/portraits/men/20.jpg,$2b$12$Q1PUFjhN/AWRQ21LbGYvjeLpZZB6lfZ1BPwifHALGO6oIbyC3CmJe,Placeat qui neque ex adipisci unde voluptatum iusto voluptates.,https://via.placeholder.com/150,Danielmouth
lkrause@gonzalez.org,andrereyes,https://randomuser.me/api/portraits/men/39.jpg,$2b$12$Q1PUFjhN/AWRQ21LbGYvjeLpZZB6lfZ1BPwifHALGO6oIbyC3CmJe,Corrupti libero enim quam consequuntur reprehenderit repudiandae ad.,https://via.placeholder.com/150,Bryanland
sandovalsarah@collins-mason.com,brittany34,https://randomuser.me/api/portraits/women/29.jpg,$2b$12$Q1PUFjhN/AWRQ21LbGYvjeLpZZB6lfZ1BPwifHALGO6oIbyC3CmJe,Veniam quasi temporibus iusto architecto doloremque.,https://via.placeholder.com/150,South Melindaborough
grace76@hotmail.com,hamiltonraymond,https://randomuser.me/api/portraits/women/87.jpg,$2b$12$Q1PUFjhN/AWRQ21LbGYvjeLpZZB6lfZ1BPwifHALGO6oIbyC3CmJe,Officiis necessitatibus nulla quibusdam quas aspernatur ex.,https://via.placeholder.com/150,East Christopherburgh
lfreeman@gmail.com,sgutierrez,https://randomuser.me/api/portraits/women/2.jpg,$2b$12$Q1PUFjhN/AWRQ21LbGYvjeLpZZB6lfZ1BPwifHALGO6oIbyC3CmJe,Molestias dicta deleniti ipsa impedit minus pariatur.,https://via.placeholder.com/150,West Robert
sheri46@smith.net,lauravega,https://randomuser.me/api/portraits/lego/8.jpg,$2b$12$Q1PUFjhN/AWRQ21LbGYvjeLpZZB6lfZ1BPwifHALGO6oIbyC3CmJe,Amet amet amet porro alias ex blanditiis.,https://via.placeholder.com/150,East Nicholas
uwiley@gmail.com,patrick63,https://randomuser.me/api/portraits/men/73.jpg,$2b$12$Q1PUFjhN/AWRQ21LbGYvjeLpZZB6lfZ1BPwifHALGO6oIbyC3CmJe,Placeat doloremque aliquid autem ea.,https://via.placeholder.com/150,Stevenside
lindsaymiller@key.com,woodmelissa,https://randomuser.me/api/portraits/men/64.jpg,$2b$12$Q1PUFjhN/AWRQ21LbGYvjeLpZZB6lfZ1BPwifHALGO6oIbyC3CmJe,Optio enim saepe aperiam at autem eligendi.,https://via.placeholder.com/150,Taylorland
bennettjames@gmail.com,kenneth20,https://randomuser.me/api/portraits/men/12.jpg,$2b$12$Q1PUFjhN/AWRQ21LbGYvjeLpZZB6lfZ1BPwifHALGO6oIbyC3CmJe,Officia molestias veritatis eligendi esse minus nihil voluptates praesentium.,https://via.placeholder.com/150,Lake Jamesside
deanjacob@gmail.com,bhansen,https://randomuser.me/api/portraits/women/26.jpg,$2b$12$Q1PUFjhN/AWRQ21LbGYvjeLpZZB6lfZ1BPwifHALGO6oIbyC3CmJe,Voluptates natus nesciunt explicabo assumenda.,https://via.placeholder.com/150,Mcmillanhaven
karlasmith@brandt-shields.org,gerald03,https://randomuser.me/api/portraits/women/65.jpg,$2b$12$Q1PUFjhN/AWRQ21LbGYvjeLpZZB6lfZ1BPwifHALGO6oIbyC3CmJe,Repellat aliquid corrupti animi iusto error rem.,https://via.placeholder.com/150,East Heather
allisoncox@coleman.com,tchapman,https://randomuser.me/api/portraits/men/90.jpg,$2b$12$Q1PUFjhN/AWRQ21LbGYvjeLpZZB6lfZ1BPwifHALGO6oIbyC3CmJe,Facere veniam labore sed nesciunt corrupti corporis.,https://via.placeholder.com/150,Manningbury
jensenvictoria@hotmail.com,keith69,https://randomuser.me/api/portraits/women/45.jpg,$2b$12$Q1PUFjhN/AWRQ21LbGYvjeLpZZB6lfZ1BPwifHALGO6oIbyC3CmJe,Magnam placeat officiis ex assumenda error voluptatum sequi.,https://via.placeholder.com/150,New Thomas
joshua13@ramirez.com,emily47,https://randomuser.me/api/portraits/women/25.jpg,$2b$12$Q1PUFjhN/AWRQ21LbGYvjeLpZZB6lfZ1BPwifHALGO6oIbyC3CmJe,Distinctio non distinctio tenetur occaecati molestiae modi.,https://via.placeholder.com/150,West Thomas
idean@keller.com,ryannewman,https://randomuser.me/api/portraits/men/67.jpg,$2b$12$Q1PUFjhN/AWRQ21LbGYvjeLpZZB6lfZ1BPwifHALGO6oIbyC3CmJe,Sapiente sequi ad illum quas dolor.,https://via.placeholder.com/150,New Joseph
matthewgreen@gmail.com,kristine93,https://randomuser.me/api/portraits/women/19.jpg,$2b$12$Q1PUFjhN/AWRQ21LbGYvjeLpZZB6lfZ1BPwifHALGO6oIbyC3CmJe,Fugit mollitia excepturi nisi eum quidem.,https://via.placeholder.com/150,North Whitney
chall@keith.info,conradrussell,https://randomuser.me/api/portraits/men/30.jpg,$2b$12$Q1PUFjhN/AWRQ21LbGYvjeLpZZB6lfZ1BPwifHALGO6oIbyC3CmJe,Maxime at eligendi libero dolore laudantium ratione beatae.,https://via.placeholder.com/150,South Kimberly
dustin74@rivera.com,april05,https://randomuser.me/api/portraits/men/41.jpg,$2b$12$Q1PUFjhN/AWRQ21LbGYvjeLpZZB6lfZ1BPwifHALGO6oIbyC3CmJe,Explicabo velit ea deserunt.,https://via.placeholder.com/150,North Jonathanville
smithrobert@gmail.com,ojones,https://randomuser.me/api/portraits/men/81.jpg,$2b$12$Q1PUFjhN/AWRQ21LbGYvjeLpZZB6lfZ1BPwifHALGO6oIbyC3CmJe,Cupiditate accusamus distinctio quae quae.,https://via.placeholder.com/150,North Sandra
julia62@hotmail.com,andrewkline,https://randomuser.me/api/portraits/men/6.jpg,$2b$12$Q1PUFjhN/AWRQ21LbGYvjeLpZZB6lfZ1BPwifHALGO6oIbyC3CmJe,Nihil nemo laudantium alias similique qui pariatur.,https://via.placeholder.com/150,New Marvin
ryanamber@ashley.biz,christopher37,https://randomuser.me/api/portraits/women/16.jpg,$2b$12$Q1PUFjhN/AWRQ21LbGYvjeLpZZB6lfZ1BPwifHALGO6oIbyC3CmJe,Harum quam eos animi reprehenderit.,https://via.placeholder.com/150,Lopezberg
pacechad@yahoo.com,alicia20,https://randomuser.me/api/portraits/women/49.jpg,$2b$12$Q1PUFjhN/AWRQ21LbGYvjeLpZZB6lfZ1BPwifHALGO6oIbyC3CmJe,Laudantium debitis reprehenderit nemo recusandae explicabo officia vel.,https://via.placeholder.com/150,Hintonville
christopher52@myers.com,swebb,https://randomuser.me/api/portraits/men/19.jpg,$2b$12$Q1PUFjhN/AWRQ21LbGYvjeLpZZB6lfZ1BPwifHALGO6oIbyC3CmJe,Alias velit quis quos deleniti suscipit doloribus accusamus alias.,https://via.placeholder.com/150,Wagnerside
candicewood@jackson-chapman.com,jeffreyvelazquez,https://randomuser.me/api/portraits/men/97.jpg,$2b$12$Q1PUFjhN/AWRQ21LbGYvjeLpZZB6lfZ1BPwifHALGO6oIbyC3CmJe,Dignissimos iste reiciendis enim qui.,https://via.placeholder.com/150,South Michelle
briannasmall@hotmail.com,zmills,https://randomuser.me/api/portraits/women/10.jpg,$2b$12$Q1PUFjhN/AWRQ21LbGYvjeLpZZB6lfZ1BPwifHALGO6oIbyC3CmJe,Magnam a incidunt atque inventore.,https://via.placeholder.com/150,East Douglastown
tkeith@hotmail.com,lindseypena,https://randomuser.me/api/portraits/men/36.jpg,$2b$12$Q1PUFjhN/AWRQ21LbGYvjeLpZZB6lfZ1BPwifHALGO6oIbyC3CmJe,Quidem quasi perferendis consectetur inventore voluptas mollitia dolore perferendis.,https://via.placeholder.com/150,Fletcherville
christinawatson@hotmail.com,petersoncharles,https://randomuser.me/api/portraits/men/42.jpg,$2b$12$Q1PUFjhN/AWRQ21LbGYvjeLpZZB6lfZ1BPwifHALGO6oIbyC3CmJe,Voluptas facilis impedit debitis quas nobis veniam qui quo.,https://via.placeholder.com/150,East Jennifermouth
devin63@garcia-sandoval.org,jessica64,https://randomuser.me/api/portraits/women/72.jpg,$2b$12$Q1PUFjhN/AWRQ21LbGYvjeLpZZB6lfZ1BPwifHALGO6oIbyC3CmJe,Saepe possimus illum odio rerum voluptatem eveniet.,https://via.placeholder.com/150,Coltonmouth
jay65@yahoo.com,sarah73,https://randomuser.me/api/portraits/lego/0.jpg,$2b$12$Q1PUFjhN/AWRQ21LbGYvjeLpZZB6lfZ1BPwifHALGO6oIbyC3CmJe,Dolorem pariatur eius eveniet.,https://via.placeholder.com/150,Duncanport
whitakerkelli@lee-herman.info,zachary45,https://randomuser.me/api/portraits/men/25.jpg,$2b$12$Q1PUFjhN/AWRQ21LbGYvjeLpZZB6lfZ1BPwifHALGO6oIbyC3CmJe,Repellendus doloribus tenetur ad excepturi nostrum quidem atque.,https://via.placeholder.com/150,West Douglasbury
thampton@gmail.com,eduardocantu,https://randomuser.me/api/portraits/men/69.jpg,$2b$12$Q1PUFjhN/AWRQ21LbGYvjeLpZZB6lfZ1BPwifHALGO6oIbyC3CmJe,Tempora mollitia repudiandae quas fugiat.,https://via.placeholder.com/150,Jeffreyview
yatesnicholas@gmail.com,jjensen,https://randomuser.me/api/portraits/men/42.jpg,$2b$12$Q1PUFjhN/AWRQ21LbGYvjeLpZZB6lfZ1BPwifHALGO6oIbyC3CmJe,Repellendus occaecati alias a voluptas.,https://via.placeholder.com/150,North Kathryn
david92@yahoo.com,bookerantonio,https://randomuser.me/api/portraits/women/40.jpg,$2b$12$Q1PUFjhN/AWRQ21LbGYvjeLpZZB6lfZ1BPwifHALGO6oIbyC3CmJe,Delectus dicta ipsa quas nisi nostrum.,https://via.placeholder.com/150,North Cheryl
phillip25@lopez.org,thomas29,https://randomuser.me/api/portraits/women/13.jpg,$2b$12$Q1PUFjhN/AWRQ21LbGYvjeLpZZB6lfZ1BPwifHALGO6oIbyC3CmJe,Maxime facere adipisci deleniti incidunt perspiciatis.,https://via.placeholder.com/150,Nicholsland
tammyespinoza@barrera.biz,johnsonjessica,https://randomuser.me/api/portraits/men/30.jpg,$2b$12$Q1PUFjhN/AWRQ21LbGYvjeLpZZB6lfZ1BPwifHALGO6oIbyC3CmJe,Eveniet quibusdam alias architecto deserunt quos nulla consequuntur.,https://via.placeholder.com/150,Port Sophialand
jamesjohn@yahoo.com,fergusontonya,https://randomuser.me/api/portraits/women/2.jpg,$2b$12$Q1PUFjhN/AWRQ21LbGYvjeLpZZB6lfZ1BPwifHALGO6oIbyC3CmJe,Veritatis sequi commodi placeat commodi autem facere aut.,https://via.placeholder.com/150,Lake Sabrina
laurahutchinson@nash-riley.com,zgonzalez,https://randomuser.me/api/portraits/men/28.jpg,$2b$12$Q1PUFjhN/AWRQ21LbGYvjeLpZZB6lfZ1BPwifHALGO6oIbyC3CmJe,Libero alias temporibus sapiente excepturi vitae.,https://via.placeholder.com/150,Lake Marymouth
worr@yahoo.com,ritaward,https://randomuser.me/api/portraits/women/64.jpg,$2b$12$Q1PUFjhN/AWRQ21LbGYvjeLpZZB6lfZ1BPwifHALGO6oIbyC3CmJe,Ducimus voluptatibus exercitationem neque earum qui mollitia suscipit.,https://via.placeholder.com/150,Hillfurt
payneeric@hotmail.com,hughesrobert,https://randomuser.me/api/portraits/men/9.jpg,$2b$12$Q1PUFjhN/AWRQ21LbGYvjeLpZZB6lfZ1BPwifHALGO6oIbyC3CmJe,Facilis necessitatibus accusamus nemo.,https://via.placeholder.com/150,Georgefort
ginajohnson@alexander-henderson.com,richardcarroll,https://randomuser.me/api/portraits/women/43.jpg,$2b$12$Q1PUFjhN/AWRQ21LbGYvjeLpZZB6lfZ1BPwifHALGO6oIbyC3CmJe,Aliquid asperiores ipsum iste similique ducimus iusto facere.,https://via.placeholder.com/150,South Stephanie
michaelbarnes@hotmail.com,stacythompson,https://randomuser.me/api/portraits/women/40.jpg,$2b$12$Q1PUFjhN/AWRQ21LbGYvjeLpZZB6lfZ1BPwifHALGO6oIbyC3CmJe,Enim iure dolor eum.,https://via.placeholder.com/150,Jackieport
jeanetteflores@soto-davis.org,kathleenpeters,https://randomuser.me/api/portraits/women/54.jpg,$2b$12$Q1PUFjhN/AWRQ21LbGYvjeLpZZB6lfZ1BPwifHALGO6oIbyC3CmJe,Reprehenderit nam repellat cupiditate quam similique.,https://via.placeholder.com/150,Brianshire
phillip31@hotmail.com,clarktammy,https://randomuser.me/api/portraits/men/37.jpg,$2b$12$Q1PUFjhN/AWRQ21LbGYvjeLpZZB6lfZ1BPwifHALGO6oIbyC3CmJe,Quas distinctio ex alias animi.,https://via.placeholder.com/150,Houstonchester
qhunt@yahoo.com,jessicaritter,https://randomuser.me/api/portraits/men/46.jpg,$2b$12$Q1PUFjhN/AWRQ21LbGYvjeLpZZB6lfZ1BPwifHALGO6oIbyC3CmJe,Odio commodi facilis impedit ratione optio commodi.,https://via.placeholder.com/150,Josephfurt
alicia93@wagner.com,tyler03,https://randomuser.me/api/portraits/men/39.jpg,$2b$12$Q1PUFjhN/AWRQ21LbGYvjeLpZZB6lfZ1BPwifHALGO6oIbyC3CmJe,Illo consectetur enim labore ipsum adipisci eius unde.,https://via.placeholder.com/150,West Angelabury
ehurley@hotmail.com,carlagomez,https://randomuser.me/api/portraits/women/17.jpg,$2b$12$Q1PUFjhN/AWRQ21LbGYvjeLpZZB6lfZ1BPwifHALGO6oIbyC3CmJe,Voluptate alias hic ipsum occaecati nulla.,https://via.placeholder.com/150,South Stephaniemouth
ewilson@larsen.biz,wallacerebecca,https://randomuser.me/api/portraits/women/23.jpg,$2b$12$Q1PUFjhN/AWRQ21LbGYvjeLpZZB6lfZ1BPwifHALGO6oIbyC3CmJe,Nulla deleniti aliquid accusantium.,https://via.placeholder.com/150,Lake Cody
xcarlson@gmail.com,taranunez,https://randomuser.me/api/portraits/women/85.jpg,$2b$12$Q1PUFjhN/AWRQ21LbGYvjeLpZZB6lfZ1BPwifHALGO6oIbyC3CmJe,Distinctio aspernatur animi corrupti veritatis quos illo nisi beatae.,https://via.placeholder.com/150,Lake Christineberg
barbaragilbert@lee.com,michael98,https://randomuser.me/api/portraits/men/30.jpg,$2b$12$Q1PUFjhN/AWRQ21LbGYvjeLpZZB6lfZ1BPwifHALGO6oIbyC3CmJe,Labore exercitationem nihil quaerat ea at labore mollitia.,https://via.placeholder.com/150,North Joshua
williamalvarez@gmail.com,wnewman,https://randomuser.me/api/portraits/men/4.jpg,$2b$12$Q1PUFjhN/AWRQ21LbGYvjeLpZZB6lfZ1BPwifHALGO6oIbyC3CmJe,Quod maxime nostrum voluptatibus inventore.,https://via.placeholder.com/150,South Kimberlyborough
erik24@king-chang.org,collinsjennifer,https://randomuser.me/api/portraits/women/85.jpg,$2b$12$Q1PUFjhN/AWRQ21LbGYvjeLpZZB6lfZ1BPwifHALGO6oIbyC3CmJe,Facilis itaque hic ullam provident ullam quisquam aspernatur.,https://via.placeholder.com/150,South Dannyland
howardlauren@gmail.com,cooperemily,https://randomuser.me/api/portraits/men/60.jpg,$2b$12$Q1PUFjhN/AWRQ21LbGYvjeLpZZB6lfZ1BPwifHALGO6oIbyC3CmJe,Dolorum maxime corrupti neque saepe.,https://via.placeholder.com/150,Port Megan
uchen@woodward.info,jesusreyes,https://randomuser.me/api/portraits/men/87.jpg,$2b$12$Q1PUFjhN/AWRQ21LbGYvjeLpZZB6lfZ1BPwifHALGO6oIbyC3CmJe,Nesciunt blanditiis laboriosam animi nulla nihil.,https://via.placeholder.com/150,Tiffanybury
stricklanddavid@hotmail.com,nmiller,https://randomuser.me/api/portraits/men/44.jpg,$2b$12$Q1PUFjhN/AWRQ21LbGYvjeLpZZB6lfZ1BPwifHALGO6oIbyC3CmJe,Placeat enim a fugiat repellat officia voluptatem.,https://via.placeholder.com/150,New Peterton
williampeterson@simpson.net,nmurray,https://randomuser.me/api/portraits/men/1.jpg,$2b$12$Q1PUFjhN/AWRQ21LbGYvjeLpZZB6lfZ1BPwifHALGO6oIbyC3CmJe,Deserunt qui repellat iure molestias.,https://via.placeholder.com/150,South Tonyborough
qschmidt@yahoo.com,piercekaren,https://randomuser.me/api/portraits/lego/4.jpg,$2b$12$Q1PUFjhN/AWRQ21LbGYvjeLpZZB6lfZ1BPwifHALGO6oIbyC3CmJe,Amet in quo cum ullam.,https://via.placeholder.com/150,Lake Renee
lori02@webb.com,jacksonrobert,https://randomuser.me/api/portraits/women/14.jpg,$2b$12$Q1PUFjhN/AWRQ21LbGYvjeLpZZB6lfZ1BPwifHALGO6oIbyC3CmJe,Autem quaerat voluptatibus beatae.,https://via.placeholder.com/150,Lindsaymouth
seanboone@gmail.com,bergjennifer,https://randomuser.me/api/portraits/women/37.jpg,$2b$12$Q1PUFjhN/AWRQ21LbGYvjeLpZZB6lfZ1BPwifHALGO6oIbyC3CmJe,Officiis omnis omnis soluta laboriosam unde atque.,https://via.placeholder.com/150,Kendrahaven
catherine73@sosa.com,jonathan16,https://randomuser.me/api/portraits/men/16.jpg,$2b$12$Q1PUFjhN/AWRQ21LbGYvjeLpZZB6lfZ1BPwifHALGO6oIbyC3CmJe,Possimus omnis magnam voluptatibus.,https://via.placeholder.com/150,West Alejandro
rebeccaadams@long.com,davisphillip,https://randomuser.me/api/portraits/men/82.jpg,$2b$12$Q1PUFjhN/AWRQ21LbGYvjeLpZZB6lfZ1BPwifHALGO6oIbyC3CmJe,Aperiam aperiam accusamus possimus dolorem enim.,https://via.placeholder.com/150,Brownhaven
markrocha@calhoun-ramirez.com,rmurphy,https://randomuser.me/api/portraits/women/47.jpg,$2b$12$Q1PUFjhN/AWRQ21LbGYvjeLpZZB6lfZ1BPwifHALGO6oIbyC3CmJe,Beatae eaque vel rerum voluptate.,https://via.placeholder.com/150,Port Heather
robinsondennis@murphy.biz,xhernandez,https://randomuser.me/api/portraits/men/3.jpg,$2b$12$Q1PUFjhN/AWRQ21LbGYvjeLpZZB6lfZ1BPwifHALGO6oIbyC3CmJe,Autem animi repellendus consectetur consectetur.,https://via.placeholder.com/150,Melanieport
beckermelissa@yahoo.com,alex26,https://randomuser.me/api/portraits/men/98.jpg,$2b$12$Q1PUFjhN/AWRQ21LbGYvjeLpZZB6lfZ1BPwifHALGO6oIbyC3CmJe,Minus rerum minima quod perferendis asperiores corrupti hic.,https://via.placeholder.com/150,Jamesmouth
hewing@padilla.com,pnicholson,https://randomuser.me/api/portraits/women/61.jpg,$2b$12$Q1PUFjhN/AWRQ21LbGYvjeLpZZB6lfZ1BPwifHALGO6oIbyC3CmJe,Eveniet suscipit sit qui et.,https://via.placeholder.com/150,South Dale
kclark@hotmail.com,craigbrian,https://randomuser.me/api/portraits/women/88.jpg,$2b$12$Q1PUFjhN/AWRQ21LbGYvjeLpZZB6lfZ1BPwifHALGO6oIbyC3CmJe,Ad dolorum esse iure officia necessitatibus.,https://via.placeholder.com/150,North Biancaville
zmunoz@gmail.com,nancyluna,https://randomuser.me/api/portraits/men/19.jpg,$2b$12$Q1PUFjhN/AWRQ21LbGYvjeLpZZB6lfZ1BPwifHALGO6oIbyC3CmJe,Iusto voluptate autem praesentium nostrum.,https://via.placeholder.com/150,New Laurenshire
lhester@gmail.com,umorris,https://randomuser.me/api/portraits/women/94.jpg,$2b$12$Q1PUFjhN/AWRQ21LbGYvjeLpZZB6lfZ1BPwifHALGO6oIbyC3CmJe,Neque et adipisci quia occaecati dicta architecto harum.,https://via.placeholder.com/150,New Alexander
frederick46@hill-morris.org,pmcmahon,https://randomuser.me/api/portraits/men/57.jpg,$2b$12$Q1PUFjhN/AWRQ21LbGYvjeLpZZB6lfZ1BPwifHALGO6oIbyC3CmJe,Quibusdam suscipit sed sunt dolor explicabo.,https://via.placeholder.com/150,Lake Nicolechester
victoriaanderson@hotmail.com,karlwise,https://randomuser.me/api/portraits/men/9.jpg,$2b$12$Q1PUFjhN/AWRQ21LbGYvjeLpZZB6lfZ1BPwifHALGO6oIbyC3CmJe,Minima fugiat illum nisi laudantium modi.,https://via.placeholder.com/150,East Heatherberg
sjames@yahoo.com,tstanton,https://randomuser.me/api/portraits/men/97.jpg,$2b$12$Q1PUFjhN/AWRQ21LbGYvjeLpZZB6lfZ1BPwifHALGO6oIbyC3CmJe,Quae incidunt incidunt doloribus rerum temporibus quibusdam.,https://via.placeholder.com/150,Gabriellemouth
campbellchristina@yahoo.com,arnoldmicheal,https://randomuser.me/api/portraits/men/33.jpg,$2b$12$Q1PUFjhN/AWRQ21LbGYvjeLpZZB6lfZ1BPwifHALGO6oIbyC3CmJe,Ad dignissimos quibusdam iste laboriosam quia.,https://via.placeholder.com/150,Lake William
darrensmith@hotmail.com,gmason,https://randomuser.me/api/portraits/men/90.jpg,$2b$12$Q1PUFjhN/AWRQ21LbGYvjeLpZZB6lfZ1BPwifHALGO6oIbyC3CmJe,Perferendis odio optio accusamus nobis dolore rerum.,https://via.placeholder.com/150,Port Andrewton
jeffrey78@espinoza.com,tharmon,https://randomuser.me/api/portraits/men/46.jpg,$2b$12$Q1PUFjhN/AWRQ21LbGYvjeLpZZB6lfZ1BPwifHALGO6oIbyC3CmJe,Voluptatem nemo dolore ad.,https://via.placeholder.com/150,Robinfurt
jacobsonsarah@yahoo.com,mirandarobert,https://randomuser.me/api/portraits/women/83.jpg,$2b$12$Q1PUFjhN/AWRQ21LbGYvjeLpZZB6lfZ1BPwifHALGO6oIbyC3CmJe,Nisi iure eveniet consequuntur unde consequuntur.,https://via.placeholder.com/150,East Thomasbury
apeters@yahoo.com,jasonsantana,https://randomuser.me/api/portraits/men/44.jpg,$2b$12$Q1PUFjhN/AWRQ21LbGYvjeLpZZB6lfZ1BPwifHALGO6oIbyC3CmJe,Cum eos itaque iste numquam earum quis aliquam.,https://via.placeholder.com/150,Gatesburgh
idavidson@fisher.com,timothy54,https://randomuser.me/api/portraits/women/86.jpg,$2b$12$Q1PUFjhN/AWRQ21LbGYvjeLpZZB6lfZ1BPwifHALGO6oIbyC3CmJe,Totam veritatis iure sapiente perspiciatis tempora.,https://via.placeholder.com/150,East Deniseton
fburke@yahoo.com,martinjohn,https://randomuser.me/api/portraits/women/53.jpg,$2b$12$Q1PUFjhN/AWRQ21LbGYvjeLpZZB6lfZ1BPwifHALGO6oIbyC3CmJe,Facilis est explicabo magnam eligendi.,https://via.placeholder.com/150,Andrewsshire
nathan19@smith.com,ijenkins,https://randomuser.me/api/portraits/women/21.jpg,$2b$12$Q1PUFjhN/AWRQ21LbGYvjeLpZZB6lfZ1BPwifHALGO6oIbyC3CmJe,Odio dignissimos facilis illo nam iste quod quia.,https://via.placeholder.com/150,Sellershaven
wschwartz@stephens.com,douglas62,https://randomuser.me/api/portraits/men/67.jpg,$2b$12$Q1PUFjhN/AWRQ21LbGYvjeLpZZB6lfZ1BPwifHALGO6oIbyC3CmJe,Perspiciatis voluptates sit expedita accusantium molestias ducimus illum.,https://via.placeholder.com/150,Franciscohaven
monicaparker@yahoo.com,owilliams,https://randomuser.me/api/portraits/men/69.jpg,$2b$12$Q1PUFjhN/AWRQ21LbGYvjeLpZZB6lfZ1BPwifHALGO6oIbyC3CmJe,Eos aut deleniti eveniet quis.,https://via.placeholder.com/150,Janetside
natasha88@gmail.com,rogersamber,https://randomuser.me/api/portraits/women/65.jpg,$2b$12$Q1PUFjhN/AWRQ21LbGYvjeLpZZB6lfZ1BPwifHALGO6oIbyC3CmJe,Velit nulla ullam dolorum quidem eaque quidem cumque sunt.,https://via.placeholder.com/150,West Erica
annetterobinson@gmail.com,amanda00,https://randomuser.me/api/portraits/lego/0.jpg,$2b$12$Q1PUFjhN/AWRQ21LbGYvjeLpZZB6lfZ1BPwifHALGO6oIbyC3CmJe,Accusamus amet nisi aut odit.,https://via.placeholder.com/150,Port Antonio
michellejohnson@ramos.com,lawrence69,https://randomuser.me/api/portraits/women/94.jpg,$2b$12$Q1PUFjhN/AWRQ21LbGYvjeLpZZB6lfZ1BPwifHALGO6oIbyC3CmJe,Voluptatibus consequuntur officia expedita eius perspiciatis.,https://via.placeholder.com/150,East Aliciaborough
rosalespeter@curtis.com,adamandrade,https://randomuser.me/api/portraits/women/99.jpg,$2b$12$Q1PUFjhN/AWRQ21LbGYvjeLpZZB6lfZ1BPwifHALGO6oIbyC3CmJe,Error distinctio maiores ad qui.,https://via.placeholder.com/150,Lake Rachel
tsmith@mercado.com,jeffreymarquez,https://randomuser.me/api/portraits/women/95.jpg,$2b$12$Q1PUFjhN/AWRQ21LbGYvjeLpZZB6lfZ1BPwifHALGO6oIbyC3CmJe,Libero voluptas possimus suscipit quidem quas.,https://via.placeholder.com/150,Port Christopherchester
brenda99@yahoo.com,fishercurtis,https://randomuser.me/api/portraits/women/51.jpg,$2b$12$Q1PUFjhN/AWRQ21LbGYvjeLpZZB6lfZ1BPwifHALGO6oIbyC3CmJe,Tempora quod neque molestiae facere praesentium nulla.,https://via.placeholder.com/150,Port Ryan
xjensen@yahoo.com,lbranch,https://randomuser.me/api/portraits/women/90.jpg,$2b$12$Q1PUFjhN/AWRQ21LbGYvjeLpZZB6lfZ1BPwifHALGO6oIbyC3CmJe,Odio beatae odit suscipit praesentium ratione minima impedit.,https://via.placeholder.com/150,Brownburgh
stacywhite@gmail.com,wfarley,https://randomuser.me/api/portraits/men/20.jpg,$2b$12$Q1PUFjhN/AWRQ21LbGYvjeLpZZB6lfZ1BPwifHALGO6oIbyC3CmJe,Iste illo illo beatae veritatis harum.,https://via.placeholder.com/150,Patriciastad
berrylaura@ward.info,zquinn,https://randomuser.me/api/portraits/women/63.jpg,$2b$12$Q1PUFjhN/AWRQ21LbGYvjeLpZZB6lfZ1BPwifHALGO6oIbyC3CmJe,Beatae sunt assumenda doloremque eaque repellendus.,https://via.placeholder.com/150,South Josephfort
mcdanielgabriel@wheeler.net,ramirezbryan,https://randomuser.me/api/portraits/women/73.jpg,$2b$12$Q1PUFjhN/AWRQ21LbGYvjeLpZZB6lfZ1BPwifHALGO6oIbyC3CmJe,Ipsa impedit quas necessitatibus sed.,https://via.placeholder.com/150,West Janet
jessicamyers@yahoo.com,terrance55,https://randomuser.me/api/portraits/men/75.jpg,$2b$12$Q1PUFjhN/AWRQ21LbGYvjeLpZZB6lfZ1BPwifHALGO6oIbyC3CmJe,Esse accusamus magnam omnis laborum in earum optio quia.,https://via.placeholder.com/150,Lake Destiny
angelabrown@tran-walker.com,grahamtaylor,https://randomuser.me/api/portraits/women/62.jpg,$2b$12$Q1PUFjhN/AWRQ21LbGYvjeLpZZB6lfZ1BPwifHALGO6oIbyC3CmJe,Consectetur asperiores sint corrupti maxime dolores culpa sapiente.,https://via.placeholder.com/150,Ballardfort
wsanders@yahoo.com,marysoto,https://randomuser.me/api/portraits/men/87.jpg,$2b$12$Q1PUFjhN/AWRQ21LbGYvjeLpZZB6lfZ1BPwifHALGO6oIbyC3CmJe,Sed accusamus labore sed inventore eius distinctio.,https://via.placeholder.com/150,Carlland
wellsdesiree@banks.org,laurenspencer,https://randomuser.me/api/portraits/men/32.jpg,$2b$12$Q1PUFjhN/AWRQ21LbGYvjeLpZZB6lfZ1BPwifHALGO6oIbyC3CmJe,Temporibus delectus repellat facilis dolorum soluta similique.,https://via.placeholder.com/150,New Michelle
rickhill@jones.net,berryaimee,https://randomuser.me/api/portraits/men/28.jpg,$2b$12$Q1PUFjhN/AWRQ21LbGYvjeLpZZB6lfZ1BPwifHALGO6oIbyC3CmJe,Eveniet sint ipsum doloribus quae aperiam cumque.,https://via.placeholder.com/150,Port Christopher
cjacobs@hotmail.com,cdecker,https://randomuser.me/api/portraits/men/36.jpg,$2b$12$Q1PUFjhN/AWRQ21LbGYvjeLpZZB6lfZ1BPwifHALGO6oIbyC3CmJe,Minus eligendi eveniet repudiandae ipsam.,https://via.placeholder.com/150,Richardshaven
kimberlythomas@meyer-jones.com,henrymichael,https://randomuser.me/api/portraits/men/9.jpg,$2b$12$Q1PUFjhN/AWRQ21LbGYvjeLpZZB6lfZ1BPwifHALGO6oIbyC3CmJe,Quia vel doloribus nisi assumenda.,https://via.placeholder.com/150,Rileyton
kimberlygreen@vargas.com,adam04,https://randomuser.me/api/portraits/women/85.jpg,$2b$12$Q1PUFjhN/AWRQ21LbGYvjeLpZZB6lfZ1BPwifHALGO6oIbyC3CmJe,Eaque ex in libero recusandae distinctio neque iusto.,https://via.placeholder.com/150,Robertville
brownerin@gregory.org,whitepaul,https://randomuser.me/api/portraits/men/9.jpg,$2b$12$Q1PUFjhN/AWRQ21LbGYvjeLpZZB6lfZ1BPwifHALGO6oIbyC3CmJe,Architecto deleniti saepe inventore eos cupiditate voluptate quis.,https://via.placeholder.com/150,Lake Carlamouth
kathryn27@sloan.com,jenniferdominguez,https://randomuser.me/api/portraits/women/29.jpg,$2b$12$Q1PUFjhN/AWRQ21LbGYvjeLpZZB6lfZ1BPwifHALGO6oIbyC3CmJe,Voluptas sit voluptatum temporibus at repellat sapiente.,https://via.placeholder.com/150,Bryantown
alexis41@gmail.com,charles95,https://randomuser.me/api/portraits/men/49.jpg,$2b$12$Q1PUFjhN/AWRQ21LbGYvjeLpZZB6lfZ1BPwifHALGO6oIbyC3CmJe,Optio delectus esse perferendis non laboriosam natus provident.,https://via.placeholder.com/150,New Garymouth
christopher75@harris.biz,harrellvanessa,https://randomuser.me/api/portraits/women/72.jpg,$2b$12$Q1PUFjhN/AWRQ21LbGYvjeLpZZB6lfZ1BPwifHALGO6oIbyC3CmJe,Similique dignissimos quas eveniet amet ipsa.,https://via.placeholder.com/150,North Christopherville
colin28@mcpherson.org,ericksonkatherine,https://randomuser.me/api/portraits/women/61.jpg,$2b$12$Q1PUFjhN/AWRQ21LbGYvjeLpZZB6lfZ1BPwifHALGO6oIbyC3CmJe,Pariatur odio consequatur mollitia recusandae quasi officia.,https://via.placeholder.com/150,Estradaland
michellemorrow@brown.org,michelle94,https://randomuser.me/api/portraits/men/57.jpg,$2b$12$Q1PUFjhN/AWRQ21LbGYvjeLpZZB6lfZ1BPwifHALGO6oIbyC3CmJe,Ex est beatae numquam beatae.,https://via.placeholder.com/150,Carmentown
uedwards@yahoo.com,vicki14,https://randomuser.me/api/portraits/men/10.jpg,$2b$12$Q1PUFjhN/AWRQ21LbGYvjeLpZZB6lfZ1BPwifHALGO6oIbyC3CmJe,Dolorem eum laborum voluptatibus neque.,https://via.placeholder.com/150,Aprilton
rlawson@gmail.com,vbrown,https://randomuser.me/api/portraits/men/23.jpg,$2b$12$Q1PUFjhN/AWRQ21LbGYvjeLpZZB6lfZ1BPwifHALGO6oIbyC3CmJe,Maiores repellat magni tempora magni perferendis veniam.,https://via.placeholder.com/150,West Kimberly
courtneyclarke@gmail.com,kurthicks,https://randomuser.me/api/portraits/women/24.jpg,$2b$12$Q1PUFjhN/AWRQ21LbGYvjeLpZZB6lfZ1BPwifHALGO6oIbyC3CmJe,Similique aperiam deleniti consectetur enim eius consequuntur saepe.,https://via.placeholder.com/150,Harrisburgh
cbishop@mayer.biz,ashley50,https://randomuser.me/api/portraits/women/64.jpg,$2b$12$Q1PUFjhN/AWRQ21LbGYvjeLpZZB6lfZ1BPwifHALGO6oIbyC3CmJe,Minus vero quod deleniti optio earum dolores qui.,https://via.placeholder.com/150,Lake Johnathanbury
lambertjames@yahoo.com,williamsdawn,https://randomuser.me/api/portraits/women/69.jpg,$2b$12$Q1PUFjhN/AWRQ21LbGYvjeLpZZB6lfZ1BPwifHALGO6oIbyC3CmJe,Cumque beatae placeat earum aliquam magnam rerum nobis animi.,https://via.placeholder.com/150,Taramouth
dana62@hotmail.com,margaret21,https://randomuser.me/api/portraits/women/37.jpg,$2b$12$Q1PUFjhN/AWRQ21LbGYvjeLpZZB6lfZ1BPwifHALGO6oIbyC3CmJe,Eaque nostrum sed dolorem debitis harum dolorum excepturi.,https://via.placeholder.com/150,South Kellyfort
susan88@osborne.info,frankphillips,https://randomuser.me/api/portraits/men/61.jpg,$2b$12$Q1PUFjhN/AWRQ21LbGYvjeLpZZB6lfZ1BPwifHALGO6oIbyC3CmJe,Voluptatem eos culpa ex esse animi eaque ad.,https://via.placeholder.com/150,Lake Austin
willie16@yahoo.com,seanherrera,https://randomuser.me/api/portraits/women/34.jpg,$2b$12$Q1PUFjhN/AWRQ21LbGYvjeLpZZB6lfZ1BPwifHALGO6oIbyC3CmJe,Provident reprehenderit voluptate ullam aliquid voluptatibus.,https://via.placeholder.com/150,Michaelhaven
crawfordashley@jones.com,vegashannon,https://randomuser.me/api/portraits/women/13.jpg,$2b$12$Q1PUFjhN/AWRQ21LbGYvjeLpZZB6lfZ1BPwifHALGO6oIbyC3CmJe,Eos eaque minus maxime necessitatibus quam tempora quos.,https://via.placeholder.com/150,Serranomouth
hansonsarah@yahoo.com,richardellis,https://randomuser.me/api/portraits/women/58.jpg,$2b$12$Q1PUFjhN/AWRQ21LbGYvjeLpZZB6lfZ1BPwifHALGO6oIbyC3CmJe,Soluta facilis sapiente labore placeat perspiciatis eveniet alias.,https://via.placeholder.com/150,Mejiabury
christopherwood@gmail.com,osbornchristina,https://randomuser.me/api/portraits/women/72.jpg,$2b$12$Q1PUFjhN/AWRQ21LbGYvjeLpZZB6lfZ1BPwifHALGO6oIbyC3CmJe,Optio quibusdam natus voluptatum aperiam suscipit sequi nemo eius.,https://via.placeholder.com/150,New Kevinmouth
hollandcindy@hotmail.com,michael11,https://randomuser.me/api/portraits/women/1.jpg,$2b$12$Q1PUFjhN/AWRQ21LbGYvjeLpZZB6lfZ1BPwifHALGO6oIbyC3CmJe,Esse mollitia suscipit saepe aspernatur necessitatibus neque ratione.,https://via.placeholder.com/150,Lake Kelseyhaven
nicholas11@smith-reese.com,jperkins,https://randomuser.me/api/portraits/men/33.jpg,$2b$12$Q1PUFjhN/AWRQ21LbGYvjeLpZZB6lfZ1BPwifHALGO6oIbyC3CmJe,Dignissimos vitae dolor voluptatem rem.,https://via.placeholder.com/150,Port Leslieshire
joshuaswanson@yahoo.com,browningmiranda,https://randomuser.me/api/portraits/men/17.jpg,$2b$12$Q1PUFjhN/AWRQ21LbGYvjeLpZZB6lfZ1BPwifHALGO6oIbyC3CmJe,Quo nam consequuntur repellendus voluptate commodi doloribus.,https://via.placeholder.com/150,Kevinborough
joyaguirre@stewart-newton.com,frederick71,https://randomuser.me/api/portraits/men/78.jpg,$2b$12$Q1PUFjhN/AWRQ21LbGYvjeLpZZB6lfZ1BPwifHALGO6oIbyC3CmJe,Explicabo earum earum provident molestias aliquid blanditiis.,https://via.placeholder.com/150,Wendyfort
laurenjohnson@flores.com,gordon40,https://randomuser.me/api/portraits/women/37.jpg,$2b$12$Q1PUFjhN/AWRQ21LbGYvjeLpZZB6lfZ1BPwifHALGO6oIbyC3CmJe,Natus iure numquam veniam hic assumenda cumque odit.,https://via.placeholder.com/150,Richardstad
sampsonjennifer@yahoo.com,warnersara,https://randomuser.me/api/portraits/men/75.jpg,$2b$12$Q1PUFjhN/AWRQ21LbGYvjeLpZZB6lfZ1BPwifHALGO6oIbyC3CmJe,Amet minus ducimus maiores porro.,https://via.placeholder.com/150,Hodgestad
alee@hotmail.com,brentrasmussen,https://randomuser.me/api/portraits/men/75.jpg,$2b$12$Q1PUFjhN/AWRQ21LbGYvjeLpZZB6lfZ1BPwifHALGO6oIbyC3CmJe,Quae illum repellendus maiores minus dolores pariatur facilis.,https://via.placeholder.com/150,Jonesfort
padams@watson.com,amandajones,https://randomuser.me/api/portraits/men/26.jpg,$2b$12$Q1PUFjhN/AWRQ21LbGYvjeLpZZB6lfZ1BPwifHALGO6oIbyC3CmJe,Vero deleniti esse cum reiciendis.,https://via.placeholder.com/150,New Kevin
jennifer68@kelly.com,stokesalexander,https://randomuser.me/api/portraits/women/80.jpg,$2b$12$Q1PUFjhN/AWRQ21LbGYvjeLpZZB6lfZ1BPwifHALGO6oIbyC3CmJe,Aliquid exercitationem itaque minima aliquid facilis mollitia.,https://via.placeholder.com/150,Maciasberg
amandablack@gmail.com,josephwarren,https://randomuser.me/api/portraits/lego/1.jpg,$2b$12$Q1PUFjhN/AWRQ21LbGYvjeLpZZB6lfZ1BPwifHALGO6oIbyC3CmJe,Placeat provident odio corporis optio ipsam quasi.,https://via.placeholder.com/150,Lake Sandrahaven
luis31@sanchez.biz,xjennings,https://randomuser.me/api/portraits/men/15.jpg,$2b$12$Q1PUFjhN/AWRQ21LbGYvjeLpZZB6lfZ1BPwifHALGO6oIbyC3CmJe,Quis magnam cum molestias distinctio doloribus.,https://via.placeholder.com/150,Port Stephanie
beckeralex@castro-parker.com,lawrencepatricia,https://randomuser.me/api/portraits/women/83.jpg,$2b$12$Q1PUFjhN/AWRQ21LbGYvjeLpZZB6lfZ1BPwifHALGO6oIbyC3CmJe,Sequi ex animi veritatis quas nemo.,https://via.placeholder.com/150,Owenstown
caitlyn28@hotmail.com,dennis28,https://randomuser.me/api/portraits/women/67.jpg,$2b$12$Q1PUFjhN/AWRQ21LbGYvjeLpZZB6lfZ1BPwifHALGO6oIbyC3CmJe,Beatae repellendus iste minus incidunt a pariatur minus.,https://via.placeholder.com/150,Harrisburgh
randywilson@tran.com,fernandeztimothy,https://randomuser.me/api/portraits/women/75.jpg,$2b$12$Q1PUFjhN/AWRQ21LbGYvjeLpZZB6lfZ1BPwifHALGO6oIbyC3CmJe,Officia ipsa quibusdam nam ea nulla delectus molestias.,https://via.placeholder.com/150,Omarhaven
bdaniels@hotmail.com,marvin83,https://randomuser.me/api/portraits/men/55.jpg,$2b$12$Q1PUFjhN/AWRQ21LbGYvjeLpZZB6lfZ1BPwifHALGO6oIbyC3CmJe,Corrupti accusantium mollitia quae.,https://via.placeholder.com/150,Matthewberg
cday@rios.com,christinaroberson,https://randomuser.me/api/portraits/men/8.jpg,$2b$12$Q1PUFjhN/AWRQ21LbGYvjeLpZZB6lfZ1BPwifHALGO6oIbyC3CmJe,Ipsa qui qui laudantium porro velit aliquam.,https://via.placeholder.com/150,Lake Victoria
christopher61@allen-coleman.net,kinggina,https://randomuser.me/api/portraits/men/60.jpg,$2b$12$Q1PUFjhN/AWRQ21LbGYvjeLpZZB6lfZ1BPwifHALGO6oIbyC3CmJe,Vitae officia sint quaerat architecto sequi aut ullam dignissimos.,https://via.placeholder.com/150,Maddoxport
sheila03@moore-palmer.com,zhughes,https://randomuser.me/api/portraits/women/34.jpg,$2b$12$Q1PUFjhN/AWRQ21LbGYvjeLpZZB6lfZ1BPwifHALGO6oIbyC3CmJe,Architecto est eligendi iure alias cumque ipsam.,https://via.placeholder.com/150,Brownmouth
sellersbruce@gmail.com,caroline78,https://randomuser.me/api/portraits/women/13.jpg,$2b$12$Q1PUFjhN/AWRQ21LbGYvjeLpZZB6lfZ1BPwifHALGO6oIbyC3CmJe,Placeat modi voluptatum voluptatem culpa.,https://via.placeholder.com/150,Rodgersberg
jill81@yahoo.com,cruztim,https://randomuser.me/api/portraits/men/71.jpg,$2b$12$Q1PUFjhN/AWRQ21LbGYvjeLpZZB6lfZ1BPwifHALGO6oIbyC3CmJe,Dignissimos repellat asperiores laboriosam sit sunt quasi impedit.,https://via.placeholder.com/150,Lindseyfort
briannaweiss@moore.com,amandajones,https://randomuser.me/api/portraits/women/55.jpg,$2b$12$Q1PUFjhN/AWRQ21LbGYvjeLpZZB6lfZ1BPwifHALGO6oIbyC3CmJe,Maiores doloremque assumenda beatae dolore.,https://via.placeholder.com/150,West Randallville
larry64@marshall.com,fhale,https://randomuser.me/api/portraits/men/42.jpg,$2b$12$Q1PUFjhN/AWRQ21LbGYvjeLpZZB6lfZ1BPwifHALGO6oIbyC3CmJe,Eaque laborum impedit cum.,https://via.placeholder.com/150,Kathleenstad
zthomas@jimenez-archer.biz,tcole,https://randomuser.me/api/portraits/men/54.jpg,$2b$12$Q1PUFjhN/AWRQ21LbGYvjeLpZZB6lfZ1BPwifHALGO6oIbyC3CmJe,Est nobis dolorum quam cupiditate placeat adipisci autem.,https://via.placeholder.com/150,Elizabethfort
morrisgary@hotmail.com,kim13,https://randomuser.me/api/portraits/men/42.jpg,$2b$12$Q1PUFjhN/AWRQ21LbGYvjeLpZZB6lfZ1BPwifHALGO6oIbyC3CmJe,Nihil est quae quibusdam id voluptas nostrum.,https://via.placeholder.com/150,Lake Joseph
simmonstrevor@yahoo.com,angel80,https://randomuser.me/api/portraits/women/4.jpg,$2b$12$Q1PUFjhN/AWRQ21LbGYvjeLpZZB6lfZ1BPwifHALGO6oIbyC3CmJe,Suscipit nobis similique qui necessitatibus.,https://via.placeholder.com/150,South Robert
keithnelson@anderson.org,traceymurray,https://randomuser.me/api/portraits/men/34.jpg,$2b$12$Q1PUFjhN/AWRQ21LbGYvjeLpZZB6lfZ1BPwifHALGO6oIbyC3CmJe,Inventore distinctio ducimus minima est quasi.,https://via.placeholder.com/150,Davidtown
jennifertaylor@taylor-schmidt.com,johnsonjames,https://randomuser.me/api/portraits/women/9.jpg,$2b$12$Q1PUFjhN/AWRQ21LbGYvjeLpZZB6lfZ1BPwifHALGO6oIbyC3CmJe,Asperiores molestiae vel dolores autem eos maxime corrupti.,https://via.placeholder.com/150,Garciaport
frederickandrade@hotmail.com,edwardsbarbara,https://randomuser.me/api/portraits/men/9.jpg,$2b$12$Q1PUFjhN/AWRQ21LbGYvjeLpZZB6lfZ1BPwifHALGO6oIbyC3CmJe,Quas provident dolore ab itaque accusantium.,https://via.placeholder.com/150,East Jennifer
russell05@lopez.com,bryan24,https://randomuser.me/api/portraits/men/9.jpg,$2b$12$Q1PUFjhN/AWRQ21LbGYvjeLpZZB6lfZ1BPwifHALGO6oIbyC3CmJe,Dicta consectetur ullam molestias harum.,https://via.placeholder.com/150,Robertside
michellebooker@gmail.com,toddflores,https://randomuser.me/api/portraits/women/43.jpg,$2b$12$Q1PUFjhN/AWRQ21LbGYvjeLpZZB6lfZ1BPwifHALGO6oIbyC3CmJe,Debitis nesciunt quasi iusto beatae perspiciatis.,https://via.placeholder.com/150,Jadefort
matthewbrown@frazier.info,colemanwilliam,https://randomuser.me/api/portraits/women/36.jpg,$2b$12$Q1PUFjhN/AWRQ21LbGYvjeLpZZB6lfZ1BPwifHALGO6oIbyC3CmJe,Cum omnis beatae voluptatum dolore eligendi architecto.,https://via.placeholder.com/150,New Jaime
leejustin@yahoo.com,lrowe,https://randomuser.me/api/portraits/men/41.jpg,$2b$12$Q1PUFjhN/AWRQ21LbGYvjeLpZZB6lfZ1BPwifHALGO6oIbyC3CmJe,Illum a minima quod ut quaerat.,https://via.placeholder.com/150,Mcintyretown
ashleybrown@hotmail.com,jarviskimberly,https://randomuser.me/api/portraits/women/75.jpg,$2b$12$Q1PUFjhN/AWRQ21LbGYvjeLpZZB6lfZ1BPwifHALGO6oIbyC3CmJe,Quod facilis harum pariatur fugit magnam debitis.,https://via.placeholder.com/150,North Samanthafurt
andres85@hotmail.com,benjamin45,https://randomuser.me/api/portraits/women/23.jpg,$2b$12$Q1PUFjhN/AWRQ21LbGYvjeLpZZB6lfZ1BPwifHALGO6oIbyC3CmJe,Rem assumenda fugit similique sit architecto.,https://via.placeholder.com/150,Smithside
hobbsbrittany@humphrey.com,robleskenneth,https://randomuser.me/api/portraits/lego/3.jpg,$2b$12$Q1PUFjhN/AWRQ21LbGYvjeLpZZB6lfZ1BPwifHALGO6oIbyC3CmJe,Occaecati magnam cum numquam ipsum autem ad delectus.,https://via.placeholder.com/150,East Tracy
sheilabrown@hotmail.com,chambersjoseph,https://randomuser.me/api/portraits/women/91.jpg,$2b$12$Q1PUFjhN/AWRQ21LbGYvjeLpZZB6lfZ1BPwifHALGO6oIbyC3CmJe,Cum vitae repellendus sint numquam modi porro.,https://via.placeholder.com/150,South Haley
williamsonmaria@gmail.com,renee44,https://randomuser.me/api/portraits/men/0.jpg,$2b$12$Q1PUFjhN/AWRQ21LbGYvjeLpZZB6lfZ1BPwifHALGO6oIbyC3CmJe,Dolorem velit odio cumque quidem.,https://via.placeholder.com/150,Allenshire
julian03@johnson.net,brandon23,https://randomuser.me/api/portraits/women/14.jpg,$2b$12$Q1PUFjhN/AWRQ21LbGYvjeLpZZB6lfZ1BPwifHALGO6oIbyC3CmJe,Labore numquam nam minus optio dignissimos optio officiis.,https://via.placeholder.com/150,Brittanyland
jacksonnicholas@bell.com,hfranklin,https://randomuser.me/api/portraits/lego/2.jpg,$2b$12$Q1PUFjhN/AWRQ21LbGYvjeLpZZB6lfZ1BPwifHALGO6oIbyC3CmJe,Ea facilis pariatur omnis nostrum.,https://via.placeholder.com/150,Ashleyhaven
delacruzcrystal@hotmail.com,randybarnett,https://randomuser.me/api/portraits/women/52.jpg,$2b$12$Q1PUFjhN/AWRQ21LbGYvjeLpZZB6lfZ1BPwifHALGO6oIbyC3CmJe,Ea perferendis commodi numquam enim consectetur.,https://via.placeholder.com/150,East Elizabeth
omeyer@gmail.com,matthew71,https://randomuser.me/api/portraits/women/59.jpg,$2b$12$Q1PUFjhN/AWRQ21LbGYvjeLpZZB6lfZ1BPwifHALGO6oIbyC3CmJe,Atque placeat at alias totam.,https://via.placeholder.com/150,Stephanieburgh
chrisspears@hahn.com,lindsey41,https://randomuser.me/api/portraits/women/71.jpg,$2b$12$Q1PUFjhN/AWRQ21LbGYvjeLpZZB6lfZ1BPwifHALGO6oIbyC3CmJe,Perspiciatis consequatur ab consectetur sapiente eum.,https://via.placeholder.com/150,East Kathrynchester
crystalgreer@richards.com,pwhite,https://randomuser.me/api/portraits/men/95.jpg,$2b$12$Q1PUFjhN/AWRQ21LbGYvjeLpZZB6lfZ1BPwifHALGO6oIbyC3CmJe,Voluptate repellendus fugiat repudiandae reprehenderit porro est fugit.,https://via.placeholder.com/150,Port Elijahmouth
sierraponce@gmail.com,hunterflores,https://randomuser.me/api/portraits/men/12.jpg,$2b$12$Q1PUFjhN/AWRQ21LbGYvjeLpZZB6lfZ1BPwifHALGO6oIbyC3CmJe,Ducimus eum iure saepe consequuntur expedita.,https://via.placeholder.com/150,Stewartburgh
cooklindsey@gmail.com,kimberlywilkerson,https://randomuser.me/api/portraits/women/75.jpg,$2b$12$Q1PUFjhN/AWRQ21LbGYvjeLpZZB6lfZ1BPwifHALGO6oIbyC3CmJe,Ut fuga ullam voluptatum mollitia.,https://via.placeholder.com/150,Hendricksville
hicksbrandon@gmail.com,ann82,https://randomuser.me/api/portraits/men/47.jpg,$2b$12$Q1PUFjhN/AWRQ21LbGYvjeLpZZB6lfZ1BPwifHALGO6oIbyC3CmJe,Quo quasi amet laudantium voluptatibus quasi labore eius.,https://via.placeholder.com/150,Madelineborough
maria01@proctor.info,andrewbonilla,https://randomuser.me/api/portraits/men/17.jpg,$2b$12$Q1PUFjhN/AWRQ21LbGYvjeLpZZB6lfZ1BPwifHALGO6oIbyC3CmJe,Labore sit adipisci beatae.,https://via.placeholder.com/150,Barbarabury
krausecrystal@gmail.com,pamelacooper,https://randomuser.me/api/portraits/men/8.jpg,$2b$12$Q1PUFjhN/AWRQ21LbGYvjeLpZZB6lfZ1BPwifHALGO6oIbyC3CmJe,Temporibus autem numquam quas earum illo numquam repudiandae ut.,https://via.placeholder.com/150,Warnermouth
elliscurtis@valdez-ramirez.com,deborahdavidson,https://randomuser.me/api/portraits/women/70.jpg,$2b$12$Q1PUFjhN/AWRQ21LbGYvjeLpZZB6lfZ1BPwifHALGO6oIbyC3CmJe,Culpa repellendus ratione culpa ipsum laboriosam temporibus quas.,https://via.placeholder.com/150,Juanside
amanda41@yahoo.com,justin94,https://randomuser.me/api/portraits/men/20.jpg,$2b$12$Q1PUFjhN/AWRQ21LbGYvjeLpZZB6lfZ1BPwifHALGO6oIbyC3CmJe,Possimus neque modi animi illum asperiores.,https://via.placeholder.com/150,New Gloria
alison28@ingram-massey.biz,tara86,https://randomuser.me/api/portraits/women/58.jpg,$2b$12$Q1PUFjhN/AWRQ21LbGYvjeLpZZB6lfZ1BPwifHALGO6oIbyC3CmJe,Aperiam praesentium perspiciatis ab eius tenetur.,https://via.placeholder.com/150,Smithborough
matajennifer@yahoo.com,yjones,https://randomuser.me/api/portraits/women/64.jpg,$2b$12$Q1PUFjhN/AWRQ21LbGYvjeLpZZB6lfZ1BPwifHALGO6oIbyC3CmJe,Beatae repellat inventore earum sequi.,https://via.placeholder.com/150,Kevinland
rperkins@thomas-salas.com,davidlewis,https://randomuser.me/api/portraits/men/99.jpg,$2b$12$Q1PUFjhN/AWRQ21LbGYvjeLpZZB6lfZ1BPwifHALGO6oIbyC3CmJe,Adipisci illo adipisci nulla nostrum facere beatae neque.,https://via.placeholder.com/150,South Bryanborough
hinespaul@yahoo.com,djoyce,https://randomuser.me/api/portraits/women/22.jpg,$2b$12$Q1PUFjhN/AWRQ21LbGYvjeLpZZB6lfZ1BPwifHALGO6oIbyC3CmJe,Minus aliquam sapiente eveniet.,https://via.placeholder.com/150,Port Markside
matthew94@cox.net,toddmaddox,https://randomuser.me/api/portraits/lego/7.jpg,$2b$12$Q1PUFjhN/AWRQ21LbGYvjeLpZZB6lfZ1BPwifHALGO6oIbyC3CmJe,Earum reiciendis eligendi ducimus facere at.,https://via.placeholder.com/150,Davisside
nguyentyler@cohen-avila.biz,dstokes,https://randomuser.me/api/portraits/women/11.jpg,$2b$12$Q1PUFjhN/AWRQ21LbGYvjeLpZZB6lfZ1BPwifHALGO6oIbyC3CmJe,Libero sequi fugit earum culpa ratione quaerat maiores.,https://via.placeholder.com/150,Estradafort
murphytammy@watkins.org,gwendolyngarcia,https://randomuser.me/api/portraits/lego/8.jpg,$2b$12$Q1PUFjhN/AWRQ21LbGYvjeLpZZB6lfZ1BPwifHALGO6oIbyC3CmJe,Cum perspiciatis iste recusandae rem omnis praesentium voluptates.,https://via.placeholder.com/150,Danielstad
tracycross@cline.com,bkhan,https://randomuser.me/api/portraits/men/3.jpg,$2b$12$Q1PUFjhN/AWRQ21LbGYvjeLpZZB6lfZ1BPwifHALGO6oIbyC3CmJe,Modi quas alias labore vel.,https://via.placeholder.com/150,Caitlinborough
douglas10@hotmail.com,juliepatel,https://randomuser.me/api/portraits/men/25.jpg,$2b$12$Q1PUFjhN/AWRQ21LbGYvjeLpZZB6lfZ1BPwifHALGO6oIbyC3CmJe,Aliquid exercitationem ducimus nostrum nam.,https://via.placeholder.com/150,Masonhaven
nina76@gmail.com,jacksonchristopher,https://randomuser.me/api/portraits/men/67.jpg,$2b$12$Q1PUFjhN/AWRQ21LbGYvjeLpZZB6lfZ1BPwifHALGO6oIbyC3CmJe,Minima enim placeat debitis est.,https://via.placeholder.com/150,New Johnstad
gwalters@yahoo.com,websterjulie,https://randomuser.me/api/portraits/women/21.jpg,$2b$12$Q1PUFjhN/AWRQ21LbGYvjeLpZZB6lfZ1BPwifHALGO6oIbyC3CmJe,Architecto magnam nesciunt quae delectus aliquid ab sed quis.,https://via.placeholder.com/150,Lake Shaneside
obrienwilliam@hotmail.com,robertgregory,https://randomuser.me/api/portraits/men/92.jpg,$2b$12$Q1PUFjhN/AWRQ21LbGYvjeLpZZB6lfZ1BPwifHALGO6oIbyC3CmJe,Odio ipsa blanditiis neque.,https://via.placeholder.com/150,Lake Christopher
heidivelazquez@riddle-rubio.com,anthonydiaz,https://randomuser.me/api/portraits/men/96.jpg,$2b$12$Q1PUFjhN/AWRQ21LbGYvjeLpZZB6lfZ1BPwifHALGO6oIbyC3CmJe,Facere recusandae numquam officia ratione placeat quia.,https://via.placeholder.com/150,West Adam
ambermccoy@yahoo.com,steven35,https://randomuser.me/api/portraits/women/11.jpg,$2b$12$Q1PUFjhN/AWRQ21LbGYvjeLpZZB6lfZ1BPwifHALGO6oIbyC3CmJe,Itaque repellat minima ab quod quibusdam qui fugit illum.,https://via.placeholder.com/150,Hardyburgh
santiagotina@gmail.com,stephanieyoung,https://randomuser.me/api/portraits/lego/8.jpg,$2b$12$Q1PUFjhN/AWRQ21LbGYvjeLpZZB6lfZ1BPwifHALGO6oIbyC3CmJe,Et iste illum quae quod aperiam ea minus.,https://via.placeholder.com/150,Danfurt
adamjones@hotmail.com,tracie28,https://randomuser.me/api/portraits/lego/7.jpg,$2b$12$Q1PUFjhN/AWRQ21LbGYvjeLpZZB6lfZ1BPwifHALGO6oIbyC3CmJe,Sit adipisci ipsa inventore illum.,https://via.placeholder.com/150,Torresmouth
corey93@blake.com,hughesjohn,https://randomuser.me/api/portraits/men/39.jpg,$2b$12$Q1PUFjhN/AWRQ21LbGYvjeLpZZB6lfZ1BPwifHALGO6oIbyC3CmJe,Eveniet nemo iste eum mollitia nesciunt non.,https://via.placeholder.com/150,West John
kennethgibson@hotmail.com,stricklandjanet,https://randomuser.me/api/portraits/women/2.jpg,$2b$12$Q1PUFjhN/AWRQ21LbGYvjeLpZZB6lfZ1BPwifHALGO6oIbyC3CmJe,Facere nulla voluptate animi debitis eligendi facere aut.,https://via.placeholder.com/150,New Julia
tyler91@hotmail.com,smitchell,https://randomuser.me/api/portraits/women/2.jpg,$2b$12$Q1PUFjhN/AWRQ21LbGYvjeLpZZB6lfZ1BPwifHALGO6oIbyC3CmJe,Ut nobis quo nisi atque tempore.,https://via.placeholder.com/150,Christopherland
jasmine73@moreno-wang.com,josephmichael,https://randomuser.me/api/portraits/women/15.jpg,$2b$12$Q1PUFjhN/AWRQ21LbGYvjeLpZZB6lfZ1BPwifHALGO6oIbyC3CmJe,Debitis quisquam a earum accusamus.,https://via.placeholder.com/150,West Danielle
sconway@yahoo.com,jamesdean,https://randomuser.me/api/portraits/men/87.jpg,$2b$12$Q1PUFjhN/AWRQ21LbGYvjeLpZZB6lfZ1BPwifHALGO6oIbyC3CmJe,Dolores porro vitae numquam esse eius dicta fugiat rerum.,https://via.placeholder.com/150,Port Ashley
teresamartinez@gmail.com,brendaharper,https://randomuser.me/api/portraits/women/15.jpg,$2b$12$Q1PUFjhN/AWRQ21LbGYvjeLpZZB6lfZ1BPwifHALGO6oIbyC3CmJe,Sed nisi impedit eaque cupiditate.,https://via.placeholder.com/150,West Kelly
fjenkins@hotmail.com,sally13,https://randomuser.me/api/portraits/men/86.jpg,$2b$12$Q1PUFjhN/AWRQ21LbGYvjeLpZZB6lfZ1BPwifHALGO6oIbyC3CmJe,Assumenda ea repellat nobis esse.,https://via.placeholder.com/150,Snyderview
christophersmith@hotmail.com,hendersonamanda,https://randomuser.me/api/portraits/men/50.jpg,$2b$12$Q1PUFjhN/AWRQ21LbGYvjeLpZZB6lfZ1BPwifHALGO6oIbyC3CmJe,Totam repellat nobis voluptatem animi tenetur officiis corporis soluta.,https://via.placeholder.com/150,Lake Alfred
jacksonrobert@gmail.com,ymartinez,https://randomuser.me/api/portraits/men/27.jpg,$2b$12$Q1PUFjhN/AWRQ21LbGYvjeLpZZB6lfZ1BPwifHALGO6oIbyC3CmJe,Quod impedit atque corrupti labore eum ex quam.,https://via.placeholder.com/150,Jamesshire
danielgraham@carpenter-wallace.com,soniamiller,https://randomuser.me/api/portraits/men/77.jpg,$2b$12$Q1PUFjhN/AWRQ21LbGYvjeLpZZB6lfZ1BPwifHALGO6oIbyC3CmJe,Earum labore mollitia error nobis fugit consectetur.,https://via.placeholder.com/150,Port Robert
johnnyatkins@nguyen.com,simmonsaaron,https://randomuser.me/api/portraits/men/44.jpg,$2b$12$Q1PUFjhN/AWRQ21LbGYvjeLpZZB6lfZ1BPwifHALGO6oIbyC3CmJe,Veniam assumenda esse omnis fugit veniam.,https://via.placeholder.com/150,Brownhaven
smithrobert@lee-hall.com,tammywest,https://randomuser.me/api/portraits/men/35.jpg,$2b$12$Q1PUFjhN/AWRQ21LbGYvjeLpZZB6lfZ1BPwifHALGO6oIbyC3CmJe,Totam aperiam beatae voluptas expedita quaerat ad unde unde.,https://via.placeholder.com/150,East Bryanfurt
abigail69@fitzgerald-myers.com,jose98,https://randomuser.me/api/portraits/men/61.jpg,$2b$12$Q1PUFjhN/AWRQ21LbGYvjeLpZZB6lfZ1BPwifHALGO6oIbyC3CmJe,Dolor nostrum quisquam sunt nulla tempore.,https://via.placeholder.com/150,Jacksonborough
ariasmargaret@berger.com,robertcole,https://randomuser.me/api/portraits/women/2.jpg,$2b$12$Q1PUFjhN/AWRQ21LbGYvjeLpZZB6lfZ1BPwifHALGO6oIbyC3CmJe,Labore reiciendis autem perferendis magni doloremque debitis.,https://via.placeholder.com/150,Benjaminfort
angela43@yahoo.com,sgarcia,https://randomuser.me/api/portraits/women/82.jpg,$2b$12$Q1PUFjhN/AWRQ21LbGYvjeLpZZB6lfZ1BPwifHALGO6oIbyC3CmJe,Doloribus reiciendis sapiente labore minima inventore minima.,https://via.placeholder.com/150,Port Richard
alexis83@cobb-davis.org,bhouse,https://randomuser.me/api/portraits/men/27.jpg,$2b$12$Q1PUFjhN/AWRQ21LbGYvjeLpZZB6lfZ1BPwifHALGO6oIbyC3CmJe,Commodi tenetur molestiae nulla praesentium alias quo voluptatibus distinctio.,https://via.placeholder.com/150,Port Matthewside
christopher81@gmail.com,millerrita,https://randomuser.me/api/portraits/women/5.jpg,$2b$12$Q1PUFjhN/AWRQ21LbGYvjeLpZZB6lfZ1BPwifHALGO6oIbyC3CmJe,Temporibus recusandae inventore mollitia dolorem.,https://via.placeholder.com/150,North Melissa
davidsondouglas@hotmail.com,awilkerson,https://randomuser.me/api/portraits/men/17.jpg,$2b$12$Q1PUFjhN/AWRQ21LbGYvjeLpZZB6lfZ1BPwifHALGO6oIbyC3CmJe,Eos debitis molestias ipsum.,https://via.placeholder.com/150,Francisport
shannonharris@bowman-adams.com,ywalls,https://randomuser.me/api/portraits/women/33.jpg,$2b$12$Q1PUFjhN/AWRQ21LbGYvjeLpZZB6lfZ1BPwifHALGO6oIbyC3CmJe,Neque recusandae nostrum temporibus voluptates.,https://via.placeholder.com/150,Howardside
zrobinson@nichols.com,ofletcher,https://randomuser.me/api/portraits/men/60.jpg,$2b$12$Q1PUFjhN/AWRQ21LbGYvjeLpZZB6lfZ1BPwifHALGO6oIbyC3CmJe,Nostrum quod ipsum odio repellat quod consequatur.,https://via.placeholder.com/150,Lake Richardview
jonsmith@curtis-martin.com,henrykelly,https://randomuser.me/api/portraits/men/84.jpg,$2b$12$Q1PUFjhN/AWRQ21LbGYvjeLpZZB6lfZ1BPwifHALGO6oIbyC3CmJe,Quibusdam tempora veritatis doloremque suscipit distinctio inventore ratione distinctio.,https://via.placeholder.com/150,Mathisburgh
sadams@mccann-allen.com,michael11,https://randomuser.me/api/portraits/men/16.jpg,$2b$12$Q1PUFjhN/AWRQ21LbGYvjeLpZZB6lfZ1BPwifHALGO6oIbyC3CmJe,Corrupti velit neque dolorem alias.,https://via.placeholder.com/150,Bestmouth
karen37@lindsey.com,uhill,https://randomuser.me/api/portraits/women/88.jpg,$2b$12$Q1PUFjhN/AWRQ21LbGYvjeLpZZB6lfZ1BPwifHALGO6oIbyC3CmJe,Fugiat sint tenetur natus at accusantium.,https://via.placeholder.com/150,West Kennethborough
kristen75@hotmail.com,scottwalsh,https://randomuser.me/api/portraits/men/88.jpg,$2b$12$Q1PUFjhN/AWRQ21LbGYvjeLpZZB6lfZ1BPwifHALGO6oIbyC3CmJe,Rerum ea ab voluptate quia eaque.,https://via.placeholder.com/150,Tapiashire
mitchellsimmons@holder.net,daniel75,https://randomuser.me/api/portraits/men/0.jpg,$2b$12$Q1PUFjhN/AWRQ21LbGYvjeLpZZB6lfZ1BPwifHALGO6oIbyC3CmJe,Asperiores fuga hic ipsam distinctio similique repellat.,https://via.placeholder.com/150,South Williamland
fbrewer@yahoo.com,paul84,https://randomuser.me/api/portraits/men/93.jpg,$2b$12$Q1PUFjhN/AWRQ21LbGYvjeLpZZB6lfZ1BPwifHALGO6oIbyC3CmJe,Veritatis totam fuga cupiditate non.,https://via.placeholder.com/150,Lake Emilyborough
estradanathaniel@yahoo.com,danielpacheco,https://randomuser.me/api/portraits/men/11.jpg,$2b$12$Q1PUFjhN/AWRQ21LbGYvjeLpZZB6lfZ1BPwifHALGO6oIbyC3CmJe,Odit iste velit maxime libero.,https://via.placeholder.com/150,Karenchester
markstevenson@jones.com,stephanie76,https://randomuser.me/api/portraits/women/83.jpg,$2b$12$Q1PUFjhN/AWRQ21LbGYvjeLpZZB6lfZ1BPwifHALGO6oIbyC3CmJe,Est deserunt deleniti voluptate iste iure autem tempora.,https://via.placeholder.com/150,Kellyland
rodriguezalexander@price-gomez.biz,alexanderbailey,https://randomuser.me/api/portraits/women/58.jpg,$2b$12$Q1PUFjhN/AWRQ21LbGYvjeLpZZB6lfZ1BPwifHALGO6oIbyC3CmJe,Unde similique dicta impedit consequuntur mollitia labore corrupti.,https://via.placeholder.com/150,Lake Colton
eric32@murray.biz,adam07,https://randomuser.me/api/portraits/men/73.jpg,$2b$12$Q1PUFjhN/AWRQ21LbGYvjeLpZZB6lfZ1BPwifHALGO6oIbyC3CmJe,Dolorem quae eius voluptates nostrum.,https://via.placeholder.com/150,Matthewview
arobinson@petersen.org,joshua90,https://randomuser.me/api/portraits/women/34.jpg,$2b$12$Q1PUFjhN/AWRQ21LbGYvjeLpZZB6lfZ1BPwifHALGO6oIbyC3CmJe,Aliquam dicta quidem quidem officia nesciunt fuga odit laudantium.,https://via.placeholder.com/150,Dianaborough
kimherring@kim.com,jeffersoncraig,https://randomuser.me/api/portraits/men/42.jpg,$2b$12$Q1PUFjhN/AWRQ21LbGYvjeLpZZB6lfZ1BPwifHALGO6oIbyC3CmJe,Tempore veritatis soluta porro quae.,https://via.placeholder.com/150,Brownfort
sarah74@gray-ross.biz,lauren77,https://randomuser.me/api/portraits/men/62.jpg,$2b$12$Q1PUFjhN/AWRQ21LbGYvjeLpZZB6lfZ1BPwifHALGO6oIbyC3CmJe,In totam et qui nam facere.,https://via.placeholder.com/150,Hernandezmouth
john89@ortiz.biz,kelseybishop,https://randomuser.me/api/portraits/women/85.jpg,$2b$12$Q1PUFjhN/AWRQ21LbGYvjeLpZZB6lfZ1BPwifHALGO6oIbyC3CmJe,Exercitationem possimus ex sunt.,https://via.placeholder.com/150,Bradleymouth
adkinsjo@rhodes-williams.com,sarahalvarado,https://randomuser.me/api/portraits/women/96.jpg,$2b$12$Q1PUFjhN/AWRQ21LbGYvjeLpZZB6lfZ1BPwifHALGO6oIbyC3CmJe,Similique ipsum quod neque hic perspiciatis.,https://via.placeholder.com/150,West David
jameskennedy@tapia.com,ronald37,https://randomuser.me/api/portraits/women/0.jpg,$2b$12$Q1PUFjhN/AWRQ21LbGYvjeLpZZB6lfZ1BPwifHALGO6oIbyC3CmJe,Ratione accusamus similique consequatur.,https://via.placeholder.com/150,Hernandezside
jacobstanya@hill-gonzalez.info,reedkimberly,https://randomuser.me/api/portraits/women/86.jpg,$2b$12$Q1PUFjhN/AWRQ21LbGYvjeLpZZB6lfZ1BPwifHALGO6oIbyC3CmJe,Ad aliquid maiores assumenda eum non.,https://via.placeholder.com/150,Nelsonfort
dominguezjoe@gmail.com,qsmith,https://randomuser.me/api/portraits/women/96.jpg,$2b$12$Q1PUFjhN/AWRQ21LbGYvjeLpZZB6lfZ1BPwifHALGO6oIbyC3CmJe,Repellat dolor sapiente eaque sequi quos consequatur.,https://via.placeholder.com/150,North Jonathanview
lori88@hotmail.com,philiprivera,https://randomuser.me/api/portraits/women/11.jpg,$2b$12$Q1PUFjhN/AWRQ21LbGYvjeLpZZB6lfZ1BPwifHALGO6oIbyC3CmJe,Facilis harum molestias explicabo aperiam consequatur maiores reprehenderit.,https://via.placeholder.com/150,Lake Ericstad
griffinandrew@sutton.com,maxwellsavannah,https://randomuser.me/api/portraits/men/85.jpg,$2b$12$Q1PUFjhN/AWRQ21LbGYvjeLpZZB6lfZ1BPwifHALGO6oIbyC3CmJe,Voluptates asperiores ab excepturi vero.,https://via.placeholder.com/150,Warrentown
wwells@johns.com,acarr,https://randomuser.me/api/portraits/men/92.jpg,$2b$12$Q1PUFjhN/AWRQ21LbGYvjeLpZZB6lfZ1BPwifHALGO6oIbyC3CmJe,Ullam aut odio veniam atque.,https://via.placeholder.com/150,East Elizabeth
marilyn92@shields-mcintyre.net,stephanierobertson,https://randomuser.me/api/portraits/women/65.jpg,$2b$12$Q1PUFjhN/AWRQ21LbGYvjeLpZZB6lfZ1BPwifHALGO6oIbyC3CmJe,Architecto exercitationem molestias consequatur optio illo animi.,https://via.placeholder.com/150,Bowmanton
sherri62@huerta.info,sampsonjames,https://randomuser.me/api/portraits/women/16.jpg,$2b$12$Q1PUFjhN/AWRQ21LbGYvjeLpZZB6lfZ1BPwifHALGO6oIbyC3CmJe,Ipsum hic sint sapiente magnam numquam vero.,https://via.placeholder.com/150,East Samuel
brendawatkins@gmail.com,lewissharon,https://randomuser.me/api/portraits/women/43.jpg,$2b$12$Q1PUFjhN/AWRQ21LbGYvjeLpZZB6lfZ1BPwifHALGO6oIbyC3CmJe,Quos aperiam vel explicabo error.,https://via.placeholder.com/150,New Elizabeth
amy65@gmail.com,wagnerjessica,https://randomuser.me/api/portraits/men/76.jpg,$2b$12$Q1PUFjhN/AWRQ21LbGYvjeLpZZB6lfZ1BPwifHALGO6oIbyC3CmJe,Tempore velit nulla dolore eum.,https://via.placeholder.com/150,Port Stephanieville
obrown@foster.com,christopherramos,https://randomuser.me/api/portraits/women/57.jpg,$2b$12$Q1PUFjhN/AWRQ21LbGYvjeLpZZB6lfZ1BPwifHALGO6oIbyC3CmJe,Illum labore vel ea.,https://via.placeholder.com/150,Powersside
timothycarr@wade-nunez.com,amandaadams,https://randomuser.me/api/portraits/men/99.jpg,$2b$12$Q1PUFjhN/AWRQ21LbGYvjeLpZZB6lfZ1BPwifHALGO6oIbyC3CmJe,Excepturi mollitia recusandae iste ipsa ut.,https://via.placeholder.com/150,Port Michael
paulafranklin@pittman.com,bradleyjanet,https://randomuser.me/api/portraits/women/95.jpg,$2b$12$Q1PUFjhN/AWRQ21LbGYvjeLpZZB6lfZ1BPwifHALGO6oIbyC3CmJe,Inventore culpa asperiores consequatur sit aperiam natus earum.,https://via.placeholder.com/150,Hesshaven
laurawalker@yahoo.com,mruiz,https://randomuser.me/api/portraits/men/98.jpg,$2b$12$Q1PUFjhN/AWRQ21LbGYvjeLpZZB6lfZ1BPwifHALGO6oIbyC3CmJe,Praesentium consequatur quae aliquam voluptates sed dolorem corporis.,https://via.placeholder.com/150,Walterborough
qswanson@gmail.com,stewartvalerie,https://randomuser.me/api/portraits/women/39.jpg,$2b$12$Q1PUFjhN/AWRQ21LbGYvjeLpZZB6lfZ1BPwifHALGO6oIbyC3CmJe,Officiis reprehenderit veniam officia officia molestias sequi.,https://via.placeholder.com/150,Joshuahaven
igibson@gonzalez.com,madeline09,https://randomuser.me/api/portraits/men/5.jpg,$2b$12$Q1PUFjhN/AWRQ21LbGYvjeLpZZB6lfZ1BPwifHALGO6oIbyC3CmJe,Deserunt voluptatum illum perspiciatis nemo optio unde deleniti error.,https://via.placeholder.com/150,Kevinburgh
jmiller@yahoo.com,tinalloyd,https://randomuser.me/api/portraits/men/34.jpg,$2b$12$Q1PUFjhN/AWRQ21LbGYvjeLpZZB6lfZ1BPwifHALGO6oIbyC3CmJe,Rerum doloribus dignissimos consequuntur recusandae dignissimos distinctio.,https://via.placeholder.com/150,New Gene
courtney68@hotmail.com,isaacsalazar,https://randomuser.me/api/portraits/men/12.jpg,$2b$12$Q1PUFjhN/AWRQ21LbGYvjeLpZZB6lfZ1BPwifHALGO6oIbyC3CmJe,Perspiciatis quae atque accusamus vel occaecati.,https://via.placeholder.com/150,North Johnshire
tracy13@hotmail.com,juan36,https://randomuser.me/api/portraits/men/70.jpg,$2b$12$Q1PUFjhN/AWRQ21LbGYvjeLpZZB6lfZ1BPwifHALGO6oIbyC3CmJe,Facere quam quo delectus consectetur.,https://via.placeholder.com/150,Jasminehaven
mcdonaldwhitney@hotmail.com,usmith,https://randomuser.me/api/portraits/women/47.jpg,$2b$12$Q1PUFjhN/AWRQ21LbGYvjeLpZZB6lfZ1BPwifHALGO6oIbyC3CmJe,Quibusdam ad numquam veniam explicabo.,https://via.placeholder.com/150,Brianmouth
cruzsheila@phillips-baker.com,connor07,https://randomuser.me/api/portraits/lego/7.jpg,$2b$12$Q1PUFjhN/AWRQ21LbGYvjeLpZZB6lfZ1BPwifHALGO6oIbyC3CmJe,Debitis recusandae necessitatibus vel commodi maxime.,https://via.placeholder.com/150,South Veronicahaven
tammy86@yahoo.com,james51,https://randomuser.me/api/portraits/men/57.jpg,$2b$12$Q1PUFjhN/AWRQ21LbGYvjeLpZZB6lfZ1BPwifHALGO6oIbyC3CmJe,Quisquam facilis pariatur iste voluptatem.,https://via.placeholder.com/150,Brandtton
cbriggs@acosta-johnson.biz,davidsonnicole,https://randomuser.me/api/portraits/women/56.jpg,$2b$12$Q1PUFjhN/AWRQ21LbGYvjeLpZZB6lfZ1BPwifHALGO6oIbyC3CmJe,Totam quaerat aspernatur debitis recusandae iure expedita hic.,https://via.placeholder.com/150,Annastad
madison06@hotmail.com,bonillaashley,https://randomuser.me/api/portraits/men/43.jpg,$2b$12$Q1PUFjhN/AWRQ21LbGYvjeLpZZB6lfZ1BPwifHALGO6oIbyC3CmJe,Sunt consequatur amet officia aut quo.,https://via.placeholder.com/150,Lake John
harold19@jennings.org,shall,https://randomuser.me/api/portraits/women/56.jpg,$2b$12$Q1PUFjhN/AWRQ21LbGYvjeLpZZB6lfZ1BPwifHALGO6oIbyC3CmJe,Voluptas provident eos aspernatur eaque perspiciatis.,https://via.placeholder.com/150,Lake Melissa
rodriguezjames@black-martinez.info,makayla04,https://randomuser.me/api/portraits/women/25.jpg,$2b$12$Q1PUFjhN/AWRQ21LbGYvjeLpZZB6lfZ1BPwifHALGO6oIbyC3CmJe,Eveniet ducimus deleniti cumque odio labore illum voluptate.,https://via.placeholder.com/150,East Christian
richardwright@peters.com,jessica79,https://randomuser.me/api/portraits/women/0.jpg,$2b$12$Q1PUFjhN/AWRQ21LbGYvjeLpZZB6lfZ1BPwifHALGO6oIbyC3CmJe,Incidunt optio autem officiis eum nostrum.,https://via.placeholder.com/150,New Cathy
cmorris@villanueva-cox.info,jamie19,https://randomuser.me/api/portraits/women/66.jpg,$2b$12$Q1PUFjhN/AWRQ21LbGYvjeLpZZB6lfZ1BPwifHALGO6oIbyC3CmJe,Magnam veniam quibusdam aliquam quisquam.,https://via.placeholder.com/150,North Stephanieview
tpena@gmail.com,dparks,https://randomuser.me/api/portraits/women/98.jpg,$2b$12$Q1PUFjhN/AWRQ21LbGYvjeLpZZB6lfZ1BPwifHALGO6oIbyC3CmJe,Voluptatibus sed numquam praesentium aliquid.,https://via.placeholder.com/150,Russellchester
brian03@lucas-mills.net,mboyd,https://randomuser.me/api/portraits/men/1.jpg,$2b$12$Q1PUFjhN/AWRQ21LbGYvjeLpZZB6lfZ1BPwifHALGO6oIbyC3CmJe,Animi assumenda quisquam odio.,https://via.placeholder.com/150,Amandaport
richard28@yahoo.com,michaelpatton,https://randomuser.me/api/portraits/lego/8.jpg,$2b$12$Q1PUFjhN/AWRQ21LbGYvjeLpZZB6lfZ1BPwifHALGO6oIbyC3CmJe,Ex iste commodi qui facilis a.,https://via.placeholder.com/150,Andrewland
